[2025-08-07 14:45:29] local.ERROR: The "D:\Mi.tasks\proj_user.profile\resources\views" directory does not exist. {"exception":"[object] (Symfony\\Component\\Finder\\Exception\\DirectoryNotFoundException(code: 0): The \"D:\\Mi.tasks\\proj_user.profile\\resources\\views\" directory does not exist. at D:\\Mi.tasks\\proj_user.profile_Change\\vendor\\symfony\\finder\\Finder.php:646)
[stacktrace]
#0 D:\\Mi.tasks\\proj_user.profile_Change\\vendor\\laravel\\framework\\src\\Illuminate\\Foundation\\Console\\ViewCacheCommand.php(88): Symfony\\Component\\Finder\\Finder->in(Array)
#1 D:\\Mi.tasks\\proj_user.profile_Change\\vendor\\laravel\\framework\\src\\Illuminate\\Foundation\\Console\\ViewCacheCommand.php(43): Illuminate\\Foundation\\Console\\ViewCacheCommand->bladeFilesIn(Array)
#2 D:\\Mi.tasks\\proj_user.profile_Change\\vendor\\laravel\\framework\\src\\Illuminate\\Collections\\Traits\\EnumeratesValues.php(271): Illuminate\\Foundation\\Console\\ViewCacheCommand->{closure:Illuminate\\Foundation\\Console\\ViewCacheCommand::handle():38}('D:\\\\Mi.tasks\\\\pro...', 0)
#3 D:\\Mi.tasks\\proj_user.profile_Change\\vendor\\laravel\\framework\\src\\Illuminate\\Foundation\\Console\\ViewCacheCommand.php(38): Illuminate\\Support\\Collection->each(Object(Closure))
#4 D:\\Mi.tasks\\proj_user.profile_Change\\vendor\\laravel\\framework\\src\\Illuminate\\Container\\BoundMethod.php(36): Illuminate\\Foundation\\Console\\ViewCacheCommand->handle()
#5 D:\\Mi.tasks\\proj_user.profile_Change\\vendor\\laravel\\framework\\src\\Illuminate\\Container\\Util.php(43): Illuminate\\Container\\BoundMethod::{closure:Illuminate\\Container\\BoundMethod::call():35}()
#6 D:\\Mi.tasks\\proj_user.profile_Change\\vendor\\laravel\\framework\\src\\Illuminate\\Container\\BoundMethod.php(96): Illuminate\\Container\\Util::unwrapIfClosure(Object(Closure))
#7 D:\\Mi.tasks\\proj_user.profile_Change\\vendor\\laravel\\framework\\src\\Illuminate\\Container\\BoundMethod.php(35): Illuminate\\Container\\BoundMethod::callBoundMethod(Object(Illuminate\\Foundation\\Application), Array, Object(Closure))
#8 D:\\Mi.tasks\\proj_user.profile_Change\\vendor\\laravel\\framework\\src\\Illuminate\\Container\\Container.php(780): Illuminate\\Container\\BoundMethod::call(Object(Illuminate\\Foundation\\Application), Array, Array, NULL)
#9 D:\\Mi.tasks\\proj_user.profile_Change\\vendor\\laravel\\framework\\src\\Illuminate\\Console\\Command.php(211): Illuminate\\Container\\Container->call(Array)
#10 D:\\Mi.tasks\\proj_user.profile_Change\\vendor\\symfony\\console\\Command\\Command.php(318): Illuminate\\Console\\Command->execute(Object(Symfony\\Component\\Console\\Input\\ArrayInput), Object(Illuminate\\Console\\OutputStyle))
#11 D:\\Mi.tasks\\proj_user.profile_Change\\vendor\\laravel\\framework\\src\\Illuminate\\Console\\Command.php(180): Symfony\\Component\\Console\\Command\\Command->run(Object(Symfony\\Component\\Console\\Input\\ArrayInput), Object(Illuminate\\Console\\OutputStyle))
#12 D:\\Mi.tasks\\proj_user.profile_Change\\vendor\\laravel\\framework\\src\\Illuminate\\Console\\Concerns\\CallsCommands.php(68): Illuminate\\Console\\Command->run(Object(Symfony\\Component\\Console\\Input\\ArrayInput), Object(Symfony\\Component\\Console\\Output\\NullOutput))
#13 D:\\Mi.tasks\\proj_user.profile_Change\\vendor\\laravel\\framework\\src\\Illuminate\\Console\\Concerns\\CallsCommands.php(41): Illuminate\\Console\\Command->runCommand('view:cache', Array, Object(Symfony\\Component\\Console\\Output\\NullOutput))
#14 D:\\Mi.tasks\\proj_user.profile_Change\\vendor\\laravel\\framework\\src\\Illuminate\\Console\\Concerns\\CallsCommands.php(53): Illuminate\\Console\\Command->callSilent('view:cache', Array)
#15 D:\\Mi.tasks\\proj_user.profile_Change\\vendor\\laravel\\framework\\src\\Illuminate\\Foundation\\Console\\OptimizeCommand.php(48): Illuminate\\Console\\Command->callSilently('view:cache')
#16 D:\\Mi.tasks\\proj_user.profile_Change\\vendor\\laravel\\framework\\src\\Illuminate\\Console\\View\\Components\\Task.php(41): Illuminate\\Foundation\\Console\\OptimizeCommand->{closure:Illuminate\\Foundation\\Console\\OptimizeCommand::handle():48}()
#17 D:\\Mi.tasks\\proj_user.profile_Change\\vendor\\laravel\\framework\\src\\Illuminate\\Console\\View\\Components\\Factory.php(59): Illuminate\\Console\\View\\Components\\Task->render('views', Object(Closure))
#18 D:\\Mi.tasks\\proj_user.profile_Change\\vendor\\laravel\\framework\\src\\Illuminate\\Foundation\\Console\\OptimizeCommand.php(48): Illuminate\\Console\\View\\Components\\Factory->__call('task', Array)
#19 D:\\Mi.tasks\\proj_user.profile_Change\\vendor\\laravel\\framework\\src\\Illuminate\\Container\\BoundMethod.php(36): Illuminate\\Foundation\\Console\\OptimizeCommand->handle()
#20 D:\\Mi.tasks\\proj_user.profile_Change\\vendor\\laravel\\framework\\src\\Illuminate\\Container\\Util.php(43): Illuminate\\Container\\BoundMethod::{closure:Illuminate\\Container\\BoundMethod::call():35}()
#21 D:\\Mi.tasks\\proj_user.profile_Change\\vendor\\laravel\\framework\\src\\Illuminate\\Container\\BoundMethod.php(96): Illuminate\\Container\\Util::unwrapIfClosure(Object(Closure))
#22 D:\\Mi.tasks\\proj_user.profile_Change\\vendor\\laravel\\framework\\src\\Illuminate\\Container\\BoundMethod.php(35): Illuminate\\Container\\BoundMethod::callBoundMethod(Object(Illuminate\\Foundation\\Application), Array, Object(Closure))
#23 D:\\Mi.tasks\\proj_user.profile_Change\\vendor\\laravel\\framework\\src\\Illuminate\\Container\\Container.php(780): Illuminate\\Container\\BoundMethod::call(Object(Illuminate\\Foundation\\Application), Array, Array, NULL)
#24 D:\\Mi.tasks\\proj_user.profile_Change\\vendor\\laravel\\framework\\src\\Illuminate\\Console\\Command.php(211): Illuminate\\Container\\Container->call(Array)
#25 D:\\Mi.tasks\\proj_user.profile_Change\\vendor\\symfony\\console\\Command\\Command.php(318): Illuminate\\Console\\Command->execute(Object(Symfony\\Component\\Console\\Input\\ArgvInput), Object(Illuminate\\Console\\OutputStyle))
#26 D:\\Mi.tasks\\proj_user.profile_Change\\vendor\\laravel\\framework\\src\\Illuminate\\Console\\Command.php(180): Symfony\\Component\\Console\\Command\\Command->run(Object(Symfony\\Component\\Console\\Input\\ArgvInput), Object(Illuminate\\Console\\OutputStyle))
#27 D:\\Mi.tasks\\proj_user.profile_Change\\vendor\\symfony\\console\\Application.php(1092): Illuminate\\Console\\Command->run(Object(Symfony\\Component\\Console\\Input\\ArgvInput), Object(Symfony\\Component\\Console\\Output\\ConsoleOutput))
#28 D:\\Mi.tasks\\proj_user.profile_Change\\vendor\\symfony\\console\\Application.php(341): Symfony\\Component\\Console\\Application->doRunCommand(Object(Illuminate\\Foundation\\Console\\OptimizeCommand), Object(Symfony\\Component\\Console\\Input\\ArgvInput), Object(Symfony\\Component\\Console\\Output\\ConsoleOutput))
#29 D:\\Mi.tasks\\proj_user.profile_Change\\vendor\\symfony\\console\\Application.php(192): Symfony\\Component\\Console\\Application->doRun(Object(Symfony\\Component\\Console\\Input\\ArgvInput), Object(Symfony\\Component\\Console\\Output\\ConsoleOutput))
#30 D:\\Mi.tasks\\proj_user.profile_Change\\vendor\\laravel\\framework\\src\\Illuminate\\Foundation\\Console\\Kernel.php(197): Symfony\\Component\\Console\\Application->run(Object(Symfony\\Component\\Console\\Input\\ArgvInput), Object(Symfony\\Component\\Console\\Output\\ConsoleOutput))
#31 D:\\Mi.tasks\\proj_user.profile_Change\\vendor\\laravel\\framework\\src\\Illuminate\\Foundation\\Application.php(1234): Illuminate\\Foundation\\Console\\Kernel->handle(Object(Symfony\\Component\\Console\\Input\\ArgvInput), Object(Symfony\\Component\\Console\\Output\\ConsoleOutput))
#32 D:\\Mi.tasks\\proj_user.profile_Change\\artisan(16): Illuminate\\Foundation\\Application->handleCommand(Object(Symfony\\Component\\Console\\Input\\ArgvInput))
#33 {main}
"} 
[2025-08-07 15:09:33] local.ERROR: The "D:\Mi.tasks\proj_user.profile\resources\views" directory does not exist. {"exception":"[object] (Symfony\\Component\\Finder\\Exception\\DirectoryNotFoundException(code: 0): The \"D:\\Mi.tasks\\proj_user.profile\\resources\\views\" directory does not exist. at D:\\Zip_files\\proj_123\\proj_user.profile_Change\\vendor\\symfony\\finder\\Finder.php:646)
[stacktrace]
#0 D:\\Zip_files\\proj_123\\proj_user.profile_Change\\vendor\\laravel\\framework\\src\\Illuminate\\Foundation\\Console\\ViewCacheCommand.php(88): Symfony\\Component\\Finder\\Finder->in(Array)
#1 D:\\Zip_files\\proj_123\\proj_user.profile_Change\\vendor\\laravel\\framework\\src\\Illuminate\\Foundation\\Console\\ViewCacheCommand.php(43): Illuminate\\Foundation\\Console\\ViewCacheCommand->bladeFilesIn(Array)
#2 D:\\Zip_files\\proj_123\\proj_user.profile_Change\\vendor\\laravel\\framework\\src\\Illuminate\\Collections\\Traits\\EnumeratesValues.php(271): Illuminate\\Foundation\\Console\\ViewCacheCommand->{closure:Illuminate\\Foundation\\Console\\ViewCacheCommand::handle():38}('D:\\\\Mi.tasks\\\\pro...', 0)
#3 D:\\Zip_files\\proj_123\\proj_user.profile_Change\\vendor\\laravel\\framework\\src\\Illuminate\\Foundation\\Console\\ViewCacheCommand.php(38): Illuminate\\Support\\Collection->each(Object(Closure))
#4 D:\\Zip_files\\proj_123\\proj_user.profile_Change\\vendor\\laravel\\framework\\src\\Illuminate\\Container\\BoundMethod.php(36): Illuminate\\Foundation\\Console\\ViewCacheCommand->handle()
#5 D:\\Zip_files\\proj_123\\proj_user.profile_Change\\vendor\\laravel\\framework\\src\\Illuminate\\Container\\Util.php(43): Illuminate\\Container\\BoundMethod::{closure:Illuminate\\Container\\BoundMethod::call():35}()
#6 D:\\Zip_files\\proj_123\\proj_user.profile_Change\\vendor\\laravel\\framework\\src\\Illuminate\\Container\\BoundMethod.php(96): Illuminate\\Container\\Util::unwrapIfClosure(Object(Closure))
#7 D:\\Zip_files\\proj_123\\proj_user.profile_Change\\vendor\\laravel\\framework\\src\\Illuminate\\Container\\BoundMethod.php(35): Illuminate\\Container\\BoundMethod::callBoundMethod(Object(Illuminate\\Foundation\\Application), Array, Object(Closure))
#8 D:\\Zip_files\\proj_123\\proj_user.profile_Change\\vendor\\laravel\\framework\\src\\Illuminate\\Container\\Container.php(780): Illuminate\\Container\\BoundMethod::call(Object(Illuminate\\Foundation\\Application), Array, Array, NULL)
#9 D:\\Zip_files\\proj_123\\proj_user.profile_Change\\vendor\\laravel\\framework\\src\\Illuminate\\Console\\Command.php(211): Illuminate\\Container\\Container->call(Array)
#10 D:\\Zip_files\\proj_123\\proj_user.profile_Change\\vendor\\symfony\\console\\Command\\Command.php(318): Illuminate\\Console\\Command->execute(Object(Symfony\\Component\\Console\\Input\\ArrayInput), Object(Illuminate\\Console\\OutputStyle))
#11 D:\\Zip_files\\proj_123\\proj_user.profile_Change\\vendor\\laravel\\framework\\src\\Illuminate\\Console\\Command.php(180): Symfony\\Component\\Console\\Command\\Command->run(Object(Symfony\\Component\\Console\\Input\\ArrayInput), Object(Illuminate\\Console\\OutputStyle))
#12 D:\\Zip_files\\proj_123\\proj_user.profile_Change\\vendor\\laravel\\framework\\src\\Illuminate\\Console\\Concerns\\CallsCommands.php(68): Illuminate\\Console\\Command->run(Object(Symfony\\Component\\Console\\Input\\ArrayInput), Object(Symfony\\Component\\Console\\Output\\NullOutput))
#13 D:\\Zip_files\\proj_123\\proj_user.profile_Change\\vendor\\laravel\\framework\\src\\Illuminate\\Console\\Concerns\\CallsCommands.php(41): Illuminate\\Console\\Command->runCommand('view:cache', Array, Object(Symfony\\Component\\Console\\Output\\NullOutput))
#14 D:\\Zip_files\\proj_123\\proj_user.profile_Change\\vendor\\laravel\\framework\\src\\Illuminate\\Console\\Concerns\\CallsCommands.php(53): Illuminate\\Console\\Command->callSilent('view:cache', Array)
#15 D:\\Zip_files\\proj_123\\proj_user.profile_Change\\vendor\\laravel\\framework\\src\\Illuminate\\Foundation\\Console\\OptimizeCommand.php(48): Illuminate\\Console\\Command->callSilently('view:cache')
#16 D:\\Zip_files\\proj_123\\proj_user.profile_Change\\vendor\\laravel\\framework\\src\\Illuminate\\Console\\View\\Components\\Task.php(41): Illuminate\\Foundation\\Console\\OptimizeCommand->{closure:Illuminate\\Foundation\\Console\\OptimizeCommand::handle():48}()
#17 D:\\Zip_files\\proj_123\\proj_user.profile_Change\\vendor\\laravel\\framework\\src\\Illuminate\\Console\\View\\Components\\Factory.php(59): Illuminate\\Console\\View\\Components\\Task->render('views', Object(Closure))
#18 D:\\Zip_files\\proj_123\\proj_user.profile_Change\\vendor\\laravel\\framework\\src\\Illuminate\\Foundation\\Console\\OptimizeCommand.php(48): Illuminate\\Console\\View\\Components\\Factory->__call('task', Array)
#19 D:\\Zip_files\\proj_123\\proj_user.profile_Change\\vendor\\laravel\\framework\\src\\Illuminate\\Container\\BoundMethod.php(36): Illuminate\\Foundation\\Console\\OptimizeCommand->handle()
#20 D:\\Zip_files\\proj_123\\proj_user.profile_Change\\vendor\\laravel\\framework\\src\\Illuminate\\Container\\Util.php(43): Illuminate\\Container\\BoundMethod::{closure:Illuminate\\Container\\BoundMethod::call():35}()
#21 D:\\Zip_files\\proj_123\\proj_user.profile_Change\\vendor\\laravel\\framework\\src\\Illuminate\\Container\\BoundMethod.php(96): Illuminate\\Container\\Util::unwrapIfClosure(Object(Closure))
#22 D:\\Zip_files\\proj_123\\proj_user.profile_Change\\vendor\\laravel\\framework\\src\\Illuminate\\Container\\BoundMethod.php(35): Illuminate\\Container\\BoundMethod::callBoundMethod(Object(Illuminate\\Foundation\\Application), Array, Object(Closure))
#23 D:\\Zip_files\\proj_123\\proj_user.profile_Change\\vendor\\laravel\\framework\\src\\Illuminate\\Container\\Container.php(780): Illuminate\\Container\\BoundMethod::call(Object(Illuminate\\Foundation\\Application), Array, Array, NULL)
#24 D:\\Zip_files\\proj_123\\proj_user.profile_Change\\vendor\\laravel\\framework\\src\\Illuminate\\Console\\Command.php(211): Illuminate\\Container\\Container->call(Array)
#25 D:\\Zip_files\\proj_123\\proj_user.profile_Change\\vendor\\symfony\\console\\Command\\Command.php(318): Illuminate\\Console\\Command->execute(Object(Symfony\\Component\\Console\\Input\\ArgvInput), Object(Illuminate\\Console\\OutputStyle))
#26 D:\\Zip_files\\proj_123\\proj_user.profile_Change\\vendor\\laravel\\framework\\src\\Illuminate\\Console\\Command.php(180): Symfony\\Component\\Console\\Command\\Command->run(Object(Symfony\\Component\\Console\\Input\\ArgvInput), Object(Illuminate\\Console\\OutputStyle))
#27 D:\\Zip_files\\proj_123\\proj_user.profile_Change\\vendor\\symfony\\console\\Application.php(1092): Illuminate\\Console\\Command->run(Object(Symfony\\Component\\Console\\Input\\ArgvInput), Object(Symfony\\Component\\Console\\Output\\ConsoleOutput))
#28 D:\\Zip_files\\proj_123\\proj_user.profile_Change\\vendor\\symfony\\console\\Application.php(341): Symfony\\Component\\Console\\Application->doRunCommand(Object(Illuminate\\Foundation\\Console\\OptimizeCommand), Object(Symfony\\Component\\Console\\Input\\ArgvInput), Object(Symfony\\Component\\Console\\Output\\ConsoleOutput))
#29 D:\\Zip_files\\proj_123\\proj_user.profile_Change\\vendor\\symfony\\console\\Application.php(192): Symfony\\Component\\Console\\Application->doRun(Object(Symfony\\Component\\Console\\Input\\ArgvInput), Object(Symfony\\Component\\Console\\Output\\ConsoleOutput))
#30 D:\\Zip_files\\proj_123\\proj_user.profile_Change\\vendor\\laravel\\framework\\src\\Illuminate\\Foundation\\Console\\Kernel.php(197): Symfony\\Component\\Console\\Application->run(Object(Symfony\\Component\\Console\\Input\\ArgvInput), Object(Symfony\\Component\\Console\\Output\\ConsoleOutput))
#31 D:\\Zip_files\\proj_123\\proj_user.profile_Change\\vendor\\laravel\\framework\\src\\Illuminate\\Foundation\\Application.php(1234): Illuminate\\Foundation\\Console\\Kernel->handle(Object(Symfony\\Component\\Console\\Input\\ArgvInput), Object(Symfony\\Component\\Console\\Output\\ConsoleOutput))
#32 D:\\Zip_files\\proj_123\\proj_user.profile_Change\\artisan(16): Illuminate\\Foundation\\Application->handleCommand(Object(Symfony\\Component\\Console\\Input\\ArgvInput))
#33 {main}
"} 
[2025-08-07 15:39:00] local.ERROR: SQLSTATE[42S21]: Column already exists: 1060 Duplicate column name 'media_path' (Connection: mysql, SQL: alter table `posts` add `media_path` varchar(191) null) {"exception":"[object] (Illuminate\\Database\\QueryException(code: 42S21): SQLSTATE[42S21]: Column already exists: 1060 Duplicate column name 'media_path' (Connection: mysql, SQL: alter table `posts` add `media_path` varchar(191) null) at D:\\Zip_files\\proj_123\\proj_user.profile_Change\\vendor\\laravel\\framework\\src\\Illuminate\\Database\\Connection.php:824)
[stacktrace]
#0 D:\\Zip_files\\proj_123\\proj_user.profile_Change\\vendor\\laravel\\framework\\src\\Illuminate\\Database\\Connection.php(778): Illuminate\\Database\\Connection->runQueryCallback('alter table `po...', Array, Object(Closure))
#1 D:\\Zip_files\\proj_123\\proj_user.profile_Change\\vendor\\laravel\\framework\\src\\Illuminate\\Database\\Connection.php(559): Illuminate\\Database\\Connection->run('alter table `po...', Array, Object(Closure))
#2 D:\\Zip_files\\proj_123\\proj_user.profile_Change\\vendor\\laravel\\framework\\src\\Illuminate\\Database\\Schema\\Blueprint.php(119): Illuminate\\Database\\Connection->statement('alter table `po...')
#3 D:\\Zip_files\\proj_123\\proj_user.profile_Change\\vendor\\laravel\\framework\\src\\Illuminate\\Database\\Schema\\Builder.php(618): Illuminate\\Database\\Schema\\Blueprint->build()
#4 D:\\Zip_files\\proj_123\\proj_user.profile_Change\\vendor\\laravel\\framework\\src\\Illuminate\\Database\\Schema\\Builder.php(460): Illuminate\\Database\\Schema\\Builder->build(Object(Illuminate\\Database\\Schema\\Blueprint))
#5 D:\\Zip_files\\proj_123\\proj_user.profile_Change\\vendor\\laravel\\framework\\src\\Illuminate\\Support\\Facades\\Facade.php(361): Illuminate\\Database\\Schema\\Builder->table('posts', Object(Closure))
#6 D:\\Zip_files\\proj_123\\proj_user.profile_Change\\database\\migrations\\2025_08_07_083949_add_media_to_posts_table.php(14): Illuminate\\Support\\Facades\\Facade::__callStatic('table', Array)
#7 D:\\Zip_files\\proj_123\\proj_user.profile_Change\\vendor\\laravel\\framework\\src\\Illuminate\\Database\\Migrations\\Migrator.php(514): Illuminate\\Database\\Migrations\\Migration@anonymous->up()
#8 D:\\Zip_files\\proj_123\\proj_user.profile_Change\\vendor\\laravel\\framework\\src\\Illuminate\\Database\\Migrations\\Migrator.php(439): Illuminate\\Database\\Migrations\\Migrator->runMethod(Object(Illuminate\\Database\\MySqlConnection), Object(Illuminate\\Database\\Migrations\\Migration@anonymous), 'up')
#9 D:\\Zip_files\\proj_123\\proj_user.profile_Change\\vendor\\laravel\\framework\\src\\Illuminate\\Database\\Migrations\\Migrator.php(448): Illuminate\\Database\\Migrations\\Migrator->{closure:Illuminate\\Database\\Migrations\\Migrator::runMigration():435}()
#10 D:\\Zip_files\\proj_123\\proj_user.profile_Change\\vendor\\laravel\\framework\\src\\Illuminate\\Database\\Migrations\\Migrator.php(250): Illuminate\\Database\\Migrations\\Migrator->runMigration(Object(Illuminate\\Database\\Migrations\\Migration@anonymous), 'up')
#11 D:\\Zip_files\\proj_123\\proj_user.profile_Change\\vendor\\laravel\\framework\\src\\Illuminate\\Console\\View\\Components\\Task.php(41): Illuminate\\Database\\Migrations\\Migrator->{closure:Illuminate\\Database\\Migrations\\Migrator::runUp():250}()
#12 D:\\Zip_files\\proj_123\\proj_user.profile_Change\\vendor\\laravel\\framework\\src\\Illuminate\\Database\\Migrations\\Migrator.php(809): Illuminate\\Console\\View\\Components\\Task->render('2025_08_07_0839...', Object(Closure))
#13 D:\\Zip_files\\proj_123\\proj_user.profile_Change\\vendor\\laravel\\framework\\src\\Illuminate\\Database\\Migrations\\Migrator.php(250): Illuminate\\Database\\Migrations\\Migrator->write('Illuminate\\\\Cons...', '2025_08_07_0839...', Object(Closure))
#14 D:\\Zip_files\\proj_123\\proj_user.profile_Change\\vendor\\laravel\\framework\\src\\Illuminate\\Database\\Migrations\\Migrator.php(210): Illuminate\\Database\\Migrations\\Migrator->runUp('D:\\\\Zip_files\\\\pr...', 1, false)
#15 D:\\Zip_files\\proj_123\\proj_user.profile_Change\\vendor\\laravel\\framework\\src\\Illuminate\\Database\\Migrations\\Migrator.php(137): Illuminate\\Database\\Migrations\\Migrator->runPending(Array, Array)
#16 D:\\Zip_files\\proj_123\\proj_user.profile_Change\\vendor\\laravel\\framework\\src\\Illuminate\\Database\\Console\\Migrations\\MigrateCommand.php(116): Illuminate\\Database\\Migrations\\Migrator->run(Array, Array)
#17 D:\\Zip_files\\proj_123\\proj_user.profile_Change\\vendor\\laravel\\framework\\src\\Illuminate\\Database\\Migrations\\Migrator.php(666): Illuminate\\Database\\Console\\Migrations\\MigrateCommand->{closure:Illuminate\\Database\\Console\\Migrations\\MigrateCommand::runMigrations():109}()
#18 D:\\Zip_files\\proj_123\\proj_user.profile_Change\\vendor\\laravel\\framework\\src\\Illuminate\\Database\\Console\\Migrations\\MigrateCommand.php(109): Illuminate\\Database\\Migrations\\Migrator->usingConnection(NULL, Object(Closure))
#19 D:\\Zip_files\\proj_123\\proj_user.profile_Change\\vendor\\laravel\\framework\\src\\Illuminate\\Database\\Console\\Migrations\\MigrateCommand.php(88): Illuminate\\Database\\Console\\Migrations\\MigrateCommand->runMigrations()
#20 D:\\Zip_files\\proj_123\\proj_user.profile_Change\\vendor\\laravel\\framework\\src\\Illuminate\\Container\\BoundMethod.php(36): Illuminate\\Database\\Console\\Migrations\\MigrateCommand->handle()
#21 D:\\Zip_files\\proj_123\\proj_user.profile_Change\\vendor\\laravel\\framework\\src\\Illuminate\\Container\\Util.php(43): Illuminate\\Container\\BoundMethod::{closure:Illuminate\\Container\\BoundMethod::call():35}()
#22 D:\\Zip_files\\proj_123\\proj_user.profile_Change\\vendor\\laravel\\framework\\src\\Illuminate\\Container\\BoundMethod.php(96): Illuminate\\Container\\Util::unwrapIfClosure(Object(Closure))
#23 D:\\Zip_files\\proj_123\\proj_user.profile_Change\\vendor\\laravel\\framework\\src\\Illuminate\\Container\\BoundMethod.php(35): Illuminate\\Container\\BoundMethod::callBoundMethod(Object(Illuminate\\Foundation\\Application), Array, Object(Closure))
#24 D:\\Zip_files\\proj_123\\proj_user.profile_Change\\vendor\\laravel\\framework\\src\\Illuminate\\Container\\Container.php(780): Illuminate\\Container\\BoundMethod::call(Object(Illuminate\\Foundation\\Application), Array, Array, NULL)
#25 D:\\Zip_files\\proj_123\\proj_user.profile_Change\\vendor\\laravel\\framework\\src\\Illuminate\\Console\\Command.php(211): Illuminate\\Container\\Container->call(Array)
#26 D:\\Zip_files\\proj_123\\proj_user.profile_Change\\vendor\\symfony\\console\\Command\\Command.php(318): Illuminate\\Console\\Command->execute(Object(Symfony\\Component\\Console\\Input\\ArrayInput), Object(Illuminate\\Console\\OutputStyle))
#27 D:\\Zip_files\\proj_123\\proj_user.profile_Change\\vendor\\laravel\\framework\\src\\Illuminate\\Console\\Command.php(180): Symfony\\Component\\Console\\Command\\Command->run(Object(Symfony\\Component\\Console\\Input\\ArrayInput), Object(Illuminate\\Console\\OutputStyle))
#28 D:\\Zip_files\\proj_123\\proj_user.profile_Change\\vendor\\laravel\\framework\\src\\Illuminate\\Console\\Concerns\\CallsCommands.php(68): Illuminate\\Console\\Command->run(Object(Symfony\\Component\\Console\\Input\\ArrayInput), Object(Illuminate\\Console\\OutputStyle))
#29 D:\\Zip_files\\proj_123\\proj_user.profile_Change\\vendor\\laravel\\framework\\src\\Illuminate\\Console\\Concerns\\CallsCommands.php(29): Illuminate\\Console\\Command->runCommand('migrate', Array, Object(Illuminate\\Console\\OutputStyle))
#30 D:\\Zip_files\\proj_123\\proj_user.profile_Change\\vendor\\laravel\\framework\\src\\Illuminate\\Database\\Console\\Migrations\\FreshCommand.php(81): Illuminate\\Console\\Command->call('migrate', Array)
#31 D:\\Zip_files\\proj_123\\proj_user.profile_Change\\vendor\\laravel\\framework\\src\\Illuminate\\Container\\BoundMethod.php(36): Illuminate\\Database\\Console\\Migrations\\FreshCommand->handle()
#32 D:\\Zip_files\\proj_123\\proj_user.profile_Change\\vendor\\laravel\\framework\\src\\Illuminate\\Container\\Util.php(43): Illuminate\\Container\\BoundMethod::{closure:Illuminate\\Container\\BoundMethod::call():35}()
#33 D:\\Zip_files\\proj_123\\proj_user.profile_Change\\vendor\\laravel\\framework\\src\\Illuminate\\Container\\BoundMethod.php(96): Illuminate\\Container\\Util::unwrapIfClosure(Object(Closure))
#34 D:\\Zip_files\\proj_123\\proj_user.profile_Change\\vendor\\laravel\\framework\\src\\Illuminate\\Container\\BoundMethod.php(35): Illuminate\\Container\\BoundMethod::callBoundMethod(Object(Illuminate\\Foundation\\Application), Array, Object(Closure))
#35 D:\\Zip_files\\proj_123\\proj_user.profile_Change\\vendor\\laravel\\framework\\src\\Illuminate\\Container\\Container.php(780): Illuminate\\Container\\BoundMethod::call(Object(Illuminate\\Foundation\\Application), Array, Array, NULL)
#36 D:\\Zip_files\\proj_123\\proj_user.profile_Change\\vendor\\laravel\\framework\\src\\Illuminate\\Console\\Command.php(211): Illuminate\\Container\\Container->call(Array)
#37 D:\\Zip_files\\proj_123\\proj_user.profile_Change\\vendor\\symfony\\console\\Command\\Command.php(318): Illuminate\\Console\\Command->execute(Object(Symfony\\Component\\Console\\Input\\ArgvInput), Object(Illuminate\\Console\\OutputStyle))
#38 D:\\Zip_files\\proj_123\\proj_user.profile_Change\\vendor\\laravel\\framework\\src\\Illuminate\\Console\\Command.php(180): Symfony\\Component\\Console\\Command\\Command->run(Object(Symfony\\Component\\Console\\Input\\ArgvInput), Object(Illuminate\\Console\\OutputStyle))
#39 D:\\Zip_files\\proj_123\\proj_user.profile_Change\\vendor\\symfony\\console\\Application.php(1092): Illuminate\\Console\\Command->run(Object(Symfony\\Component\\Console\\Input\\ArgvInput), Object(Symfony\\Component\\Console\\Output\\ConsoleOutput))
#40 D:\\Zip_files\\proj_123\\proj_user.profile_Change\\vendor\\symfony\\console\\Application.php(341): Symfony\\Component\\Console\\Application->doRunCommand(Object(Illuminate\\Database\\Console\\Migrations\\FreshCommand), Object(Symfony\\Component\\Console\\Input\\ArgvInput), Object(Symfony\\Component\\Console\\Output\\ConsoleOutput))
#41 D:\\Zip_files\\proj_123\\proj_user.profile_Change\\vendor\\symfony\\console\\Application.php(192): Symfony\\Component\\Console\\Application->doRun(Object(Symfony\\Component\\Console\\Input\\ArgvInput), Object(Symfony\\Component\\Console\\Output\\ConsoleOutput))
#42 D:\\Zip_files\\proj_123\\proj_user.profile_Change\\vendor\\laravel\\framework\\src\\Illuminate\\Foundation\\Console\\Kernel.php(197): Symfony\\Component\\Console\\Application->run(Object(Symfony\\Component\\Console\\Input\\ArgvInput), Object(Symfony\\Component\\Console\\Output\\ConsoleOutput))
#43 D:\\Zip_files\\proj_123\\proj_user.profile_Change\\vendor\\laravel\\framework\\src\\Illuminate\\Foundation\\Application.php(1234): Illuminate\\Foundation\\Console\\Kernel->handle(Object(Symfony\\Component\\Console\\Input\\ArgvInput), Object(Symfony\\Component\\Console\\Output\\ConsoleOutput))
#44 D:\\Zip_files\\proj_123\\proj_user.profile_Change\\artisan(16): Illuminate\\Foundation\\Application->handleCommand(Object(Symfony\\Component\\Console\\Input\\ArgvInput))
#45 {main}

[previous exception] [object] (PDOException(code: 42S21): SQLSTATE[42S21]: Column already exists: 1060 Duplicate column name 'media_path' at D:\\Zip_files\\proj_123\\proj_user.profile_Change\\vendor\\laravel\\framework\\src\\Illuminate\\Database\\Connection.php:570)
[stacktrace]
#0 D:\\Zip_files\\proj_123\\proj_user.profile_Change\\vendor\\laravel\\framework\\src\\Illuminate\\Database\\Connection.php(570): PDOStatement->execute()
#1 D:\\Zip_files\\proj_123\\proj_user.profile_Change\\vendor\\laravel\\framework\\src\\Illuminate\\Database\\Connection.php(811): Illuminate\\Database\\Connection->{closure:Illuminate\\Database\\Connection::statement():559}('alter table `po...', Array)
#2 D:\\Zip_files\\proj_123\\proj_user.profile_Change\\vendor\\laravel\\framework\\src\\Illuminate\\Database\\Connection.php(778): Illuminate\\Database\\Connection->runQueryCallback('alter table `po...', Array, Object(Closure))
#3 D:\\Zip_files\\proj_123\\proj_user.profile_Change\\vendor\\laravel\\framework\\src\\Illuminate\\Database\\Connection.php(559): Illuminate\\Database\\Connection->run('alter table `po...', Array, Object(Closure))
#4 D:\\Zip_files\\proj_123\\proj_user.profile_Change\\vendor\\laravel\\framework\\src\\Illuminate\\Database\\Schema\\Blueprint.php(119): Illuminate\\Database\\Connection->statement('alter table `po...')
#5 D:\\Zip_files\\proj_123\\proj_user.profile_Change\\vendor\\laravel\\framework\\src\\Illuminate\\Database\\Schema\\Builder.php(618): Illuminate\\Database\\Schema\\Blueprint->build()
#6 D:\\Zip_files\\proj_123\\proj_user.profile_Change\\vendor\\laravel\\framework\\src\\Illuminate\\Database\\Schema\\Builder.php(460): Illuminate\\Database\\Schema\\Builder->build(Object(Illuminate\\Database\\Schema\\Blueprint))
#7 D:\\Zip_files\\proj_123\\proj_user.profile_Change\\vendor\\laravel\\framework\\src\\Illuminate\\Support\\Facades\\Facade.php(361): Illuminate\\Database\\Schema\\Builder->table('posts', Object(Closure))
#8 D:\\Zip_files\\proj_123\\proj_user.profile_Change\\database\\migrations\\2025_08_07_083949_add_media_to_posts_table.php(14): Illuminate\\Support\\Facades\\Facade::__callStatic('table', Array)
#9 D:\\Zip_files\\proj_123\\proj_user.profile_Change\\vendor\\laravel\\framework\\src\\Illuminate\\Database\\Migrations\\Migrator.php(514): Illuminate\\Database\\Migrations\\Migration@anonymous->up()
#10 D:\\Zip_files\\proj_123\\proj_user.profile_Change\\vendor\\laravel\\framework\\src\\Illuminate\\Database\\Migrations\\Migrator.php(439): Illuminate\\Database\\Migrations\\Migrator->runMethod(Object(Illuminate\\Database\\MySqlConnection), Object(Illuminate\\Database\\Migrations\\Migration@anonymous), 'up')
#11 D:\\Zip_files\\proj_123\\proj_user.profile_Change\\vendor\\laravel\\framework\\src\\Illuminate\\Database\\Migrations\\Migrator.php(448): Illuminate\\Database\\Migrations\\Migrator->{closure:Illuminate\\Database\\Migrations\\Migrator::runMigration():435}()
#12 D:\\Zip_files\\proj_123\\proj_user.profile_Change\\vendor\\laravel\\framework\\src\\Illuminate\\Database\\Migrations\\Migrator.php(250): Illuminate\\Database\\Migrations\\Migrator->runMigration(Object(Illuminate\\Database\\Migrations\\Migration@anonymous), 'up')
#13 D:\\Zip_files\\proj_123\\proj_user.profile_Change\\vendor\\laravel\\framework\\src\\Illuminate\\Console\\View\\Components\\Task.php(41): Illuminate\\Database\\Migrations\\Migrator->{closure:Illuminate\\Database\\Migrations\\Migrator::runUp():250}()
#14 D:\\Zip_files\\proj_123\\proj_user.profile_Change\\vendor\\laravel\\framework\\src\\Illuminate\\Database\\Migrations\\Migrator.php(809): Illuminate\\Console\\View\\Components\\Task->render('2025_08_07_0839...', Object(Closure))
#15 D:\\Zip_files\\proj_123\\proj_user.profile_Change\\vendor\\laravel\\framework\\src\\Illuminate\\Database\\Migrations\\Migrator.php(250): Illuminate\\Database\\Migrations\\Migrator->write('Illuminate\\\\Cons...', '2025_08_07_0839...', Object(Closure))
#16 D:\\Zip_files\\proj_123\\proj_user.profile_Change\\vendor\\laravel\\framework\\src\\Illuminate\\Database\\Migrations\\Migrator.php(210): Illuminate\\Database\\Migrations\\Migrator->runUp('D:\\\\Zip_files\\\\pr...', 1, false)
#17 D:\\Zip_files\\proj_123\\proj_user.profile_Change\\vendor\\laravel\\framework\\src\\Illuminate\\Database\\Migrations\\Migrator.php(137): Illuminate\\Database\\Migrations\\Migrator->runPending(Array, Array)
#18 D:\\Zip_files\\proj_123\\proj_user.profile_Change\\vendor\\laravel\\framework\\src\\Illuminate\\Database\\Console\\Migrations\\MigrateCommand.php(116): Illuminate\\Database\\Migrations\\Migrator->run(Array, Array)
#19 D:\\Zip_files\\proj_123\\proj_user.profile_Change\\vendor\\laravel\\framework\\src\\Illuminate\\Database\\Migrations\\Migrator.php(666): Illuminate\\Database\\Console\\Migrations\\MigrateCommand->{closure:Illuminate\\Database\\Console\\Migrations\\MigrateCommand::runMigrations():109}()
#20 D:\\Zip_files\\proj_123\\proj_user.profile_Change\\vendor\\laravel\\framework\\src\\Illuminate\\Database\\Console\\Migrations\\MigrateCommand.php(109): Illuminate\\Database\\Migrations\\Migrator->usingConnection(NULL, Object(Closure))
#21 D:\\Zip_files\\proj_123\\proj_user.profile_Change\\vendor\\laravel\\framework\\src\\Illuminate\\Database\\Console\\Migrations\\MigrateCommand.php(88): Illuminate\\Database\\Console\\Migrations\\MigrateCommand->runMigrations()
#22 D:\\Zip_files\\proj_123\\proj_user.profile_Change\\vendor\\laravel\\framework\\src\\Illuminate\\Container\\BoundMethod.php(36): Illuminate\\Database\\Console\\Migrations\\MigrateCommand->handle()
#23 D:\\Zip_files\\proj_123\\proj_user.profile_Change\\vendor\\laravel\\framework\\src\\Illuminate\\Container\\Util.php(43): Illuminate\\Container\\BoundMethod::{closure:Illuminate\\Container\\BoundMethod::call():35}()
#24 D:\\Zip_files\\proj_123\\proj_user.profile_Change\\vendor\\laravel\\framework\\src\\Illuminate\\Container\\BoundMethod.php(96): Illuminate\\Container\\Util::unwrapIfClosure(Object(Closure))
#25 D:\\Zip_files\\proj_123\\proj_user.profile_Change\\vendor\\laravel\\framework\\src\\Illuminate\\Container\\BoundMethod.php(35): Illuminate\\Container\\BoundMethod::callBoundMethod(Object(Illuminate\\Foundation\\Application), Array, Object(Closure))
#26 D:\\Zip_files\\proj_123\\proj_user.profile_Change\\vendor\\laravel\\framework\\src\\Illuminate\\Container\\Container.php(780): Illuminate\\Container\\BoundMethod::call(Object(Illuminate\\Foundation\\Application), Array, Array, NULL)
#27 D:\\Zip_files\\proj_123\\proj_user.profile_Change\\vendor\\laravel\\framework\\src\\Illuminate\\Console\\Command.php(211): Illuminate\\Container\\Container->call(Array)
#28 D:\\Zip_files\\proj_123\\proj_user.profile_Change\\vendor\\symfony\\console\\Command\\Command.php(318): Illuminate\\Console\\Command->execute(Object(Symfony\\Component\\Console\\Input\\ArrayInput), Object(Illuminate\\Console\\OutputStyle))
#29 D:\\Zip_files\\proj_123\\proj_user.profile_Change\\vendor\\laravel\\framework\\src\\Illuminate\\Console\\Command.php(180): Symfony\\Component\\Console\\Command\\Command->run(Object(Symfony\\Component\\Console\\Input\\ArrayInput), Object(Illuminate\\Console\\OutputStyle))
#30 D:\\Zip_files\\proj_123\\proj_user.profile_Change\\vendor\\laravel\\framework\\src\\Illuminate\\Console\\Concerns\\CallsCommands.php(68): Illuminate\\Console\\Command->run(Object(Symfony\\Component\\Console\\Input\\ArrayInput), Object(Illuminate\\Console\\OutputStyle))
#31 D:\\Zip_files\\proj_123\\proj_user.profile_Change\\vendor\\laravel\\framework\\src\\Illuminate\\Console\\Concerns\\CallsCommands.php(29): Illuminate\\Console\\Command->runCommand('migrate', Array, Object(Illuminate\\Console\\OutputStyle))
#32 D:\\Zip_files\\proj_123\\proj_user.profile_Change\\vendor\\laravel\\framework\\src\\Illuminate\\Database\\Console\\Migrations\\FreshCommand.php(81): Illuminate\\Console\\Command->call('migrate', Array)
#33 D:\\Zip_files\\proj_123\\proj_user.profile_Change\\vendor\\laravel\\framework\\src\\Illuminate\\Container\\BoundMethod.php(36): Illuminate\\Database\\Console\\Migrations\\FreshCommand->handle()
#34 D:\\Zip_files\\proj_123\\proj_user.profile_Change\\vendor\\laravel\\framework\\src\\Illuminate\\Container\\Util.php(43): Illuminate\\Container\\BoundMethod::{closure:Illuminate\\Container\\BoundMethod::call():35}()
#35 D:\\Zip_files\\proj_123\\proj_user.profile_Change\\vendor\\laravel\\framework\\src\\Illuminate\\Container\\BoundMethod.php(96): Illuminate\\Container\\Util::unwrapIfClosure(Object(Closure))
#36 D:\\Zip_files\\proj_123\\proj_user.profile_Change\\vendor\\laravel\\framework\\src\\Illuminate\\Container\\BoundMethod.php(35): Illuminate\\Container\\BoundMethod::callBoundMethod(Object(Illuminate\\Foundation\\Application), Array, Object(Closure))
#37 D:\\Zip_files\\proj_123\\proj_user.profile_Change\\vendor\\laravel\\framework\\src\\Illuminate\\Container\\Container.php(780): Illuminate\\Container\\BoundMethod::call(Object(Illuminate\\Foundation\\Application), Array, Array, NULL)
#38 D:\\Zip_files\\proj_123\\proj_user.profile_Change\\vendor\\laravel\\framework\\src\\Illuminate\\Console\\Command.php(211): Illuminate\\Container\\Container->call(Array)
#39 D:\\Zip_files\\proj_123\\proj_user.profile_Change\\vendor\\symfony\\console\\Command\\Command.php(318): Illuminate\\Console\\Command->execute(Object(Symfony\\Component\\Console\\Input\\ArgvInput), Object(Illuminate\\Console\\OutputStyle))
#40 D:\\Zip_files\\proj_123\\proj_user.profile_Change\\vendor\\laravel\\framework\\src\\Illuminate\\Console\\Command.php(180): Symfony\\Component\\Console\\Command\\Command->run(Object(Symfony\\Component\\Console\\Input\\ArgvInput), Object(Illuminate\\Console\\OutputStyle))
#41 D:\\Zip_files\\proj_123\\proj_user.profile_Change\\vendor\\symfony\\console\\Application.php(1092): Illuminate\\Console\\Command->run(Object(Symfony\\Component\\Console\\Input\\ArgvInput), Object(Symfony\\Component\\Console\\Output\\ConsoleOutput))
#42 D:\\Zip_files\\proj_123\\proj_user.profile_Change\\vendor\\symfony\\console\\Application.php(341): Symfony\\Component\\Console\\Application->doRunCommand(Object(Illuminate\\Database\\Console\\Migrations\\FreshCommand), Object(Symfony\\Component\\Console\\Input\\ArgvInput), Object(Symfony\\Component\\Console\\Output\\ConsoleOutput))
#43 D:\\Zip_files\\proj_123\\proj_user.profile_Change\\vendor\\symfony\\console\\Application.php(192): Symfony\\Component\\Console\\Application->doRun(Object(Symfony\\Component\\Console\\Input\\ArgvInput), Object(Symfony\\Component\\Console\\Output\\ConsoleOutput))
#44 D:\\Zip_files\\proj_123\\proj_user.profile_Change\\vendor\\laravel\\framework\\src\\Illuminate\\Foundation\\Console\\Kernel.php(197): Symfony\\Component\\Console\\Application->run(Object(Symfony\\Component\\Console\\Input\\ArgvInput), Object(Symfony\\Component\\Console\\Output\\ConsoleOutput))
#45 D:\\Zip_files\\proj_123\\proj_user.profile_Change\\vendor\\laravel\\framework\\src\\Illuminate\\Foundation\\Application.php(1234): Illuminate\\Foundation\\Console\\Kernel->handle(Object(Symfony\\Component\\Console\\Input\\ArgvInput), Object(Symfony\\Component\\Console\\Output\\ConsoleOutput))
#46 D:\\Zip_files\\proj_123\\proj_user.profile_Change\\artisan(16): Illuminate\\Foundation\\Application->handleCommand(Object(Symfony\\Component\\Console\\Input\\ArgvInput))
#47 {main}
"} 
[2025-08-07 15:40:09] local.ERROR: SQLSTATE[42S21]: Column already exists: 1060 Duplicate column name 'media_path' (Connection: mysql, SQL: alter table `posts` add `media_path` varchar(191) null) {"exception":"[object] (Illuminate\\Database\\QueryException(code: 42S21): SQLSTATE[42S21]: Column already exists: 1060 Duplicate column name 'media_path' (Connection: mysql, SQL: alter table `posts` add `media_path` varchar(191) null) at D:\\Zip_files\\proj_123\\proj_user.profile_Change\\vendor\\laravel\\framework\\src\\Illuminate\\Database\\Connection.php:824)
[stacktrace]
#0 D:\\Zip_files\\proj_123\\proj_user.profile_Change\\vendor\\laravel\\framework\\src\\Illuminate\\Database\\Connection.php(778): Illuminate\\Database\\Connection->runQueryCallback('alter table `po...', Array, Object(Closure))
#1 D:\\Zip_files\\proj_123\\proj_user.profile_Change\\vendor\\laravel\\framework\\src\\Illuminate\\Database\\Connection.php(559): Illuminate\\Database\\Connection->run('alter table `po...', Array, Object(Closure))
#2 D:\\Zip_files\\proj_123\\proj_user.profile_Change\\vendor\\laravel\\framework\\src\\Illuminate\\Database\\Schema\\Blueprint.php(119): Illuminate\\Database\\Connection->statement('alter table `po...')
#3 D:\\Zip_files\\proj_123\\proj_user.profile_Change\\vendor\\laravel\\framework\\src\\Illuminate\\Database\\Schema\\Builder.php(618): Illuminate\\Database\\Schema\\Blueprint->build()
#4 D:\\Zip_files\\proj_123\\proj_user.profile_Change\\vendor\\laravel\\framework\\src\\Illuminate\\Database\\Schema\\Builder.php(460): Illuminate\\Database\\Schema\\Builder->build(Object(Illuminate\\Database\\Schema\\Blueprint))
#5 D:\\Zip_files\\proj_123\\proj_user.profile_Change\\vendor\\laravel\\framework\\src\\Illuminate\\Support\\Facades\\Facade.php(361): Illuminate\\Database\\Schema\\Builder->table('posts', Object(Closure))
#6 D:\\Zip_files\\proj_123\\proj_user.profile_Change\\database\\migrations\\2025_08_07_083949_add_media_to_posts_table.php(14): Illuminate\\Support\\Facades\\Facade::__callStatic('table', Array)
#7 D:\\Zip_files\\proj_123\\proj_user.profile_Change\\vendor\\laravel\\framework\\src\\Illuminate\\Database\\Migrations\\Migrator.php(514): Illuminate\\Database\\Migrations\\Migration@anonymous->up()
#8 D:\\Zip_files\\proj_123\\proj_user.profile_Change\\vendor\\laravel\\framework\\src\\Illuminate\\Database\\Migrations\\Migrator.php(439): Illuminate\\Database\\Migrations\\Migrator->runMethod(Object(Illuminate\\Database\\MySqlConnection), Object(Illuminate\\Database\\Migrations\\Migration@anonymous), 'up')
#9 D:\\Zip_files\\proj_123\\proj_user.profile_Change\\vendor\\laravel\\framework\\src\\Illuminate\\Database\\Migrations\\Migrator.php(448): Illuminate\\Database\\Migrations\\Migrator->{closure:Illuminate\\Database\\Migrations\\Migrator::runMigration():435}()
#10 D:\\Zip_files\\proj_123\\proj_user.profile_Change\\vendor\\laravel\\framework\\src\\Illuminate\\Database\\Migrations\\Migrator.php(250): Illuminate\\Database\\Migrations\\Migrator->runMigration(Object(Illuminate\\Database\\Migrations\\Migration@anonymous), 'up')
#11 D:\\Zip_files\\proj_123\\proj_user.profile_Change\\vendor\\laravel\\framework\\src\\Illuminate\\Console\\View\\Components\\Task.php(41): Illuminate\\Database\\Migrations\\Migrator->{closure:Illuminate\\Database\\Migrations\\Migrator::runUp():250}()
#12 D:\\Zip_files\\proj_123\\proj_user.profile_Change\\vendor\\laravel\\framework\\src\\Illuminate\\Database\\Migrations\\Migrator.php(809): Illuminate\\Console\\View\\Components\\Task->render('2025_08_07_0839...', Object(Closure))
#13 D:\\Zip_files\\proj_123\\proj_user.profile_Change\\vendor\\laravel\\framework\\src\\Illuminate\\Database\\Migrations\\Migrator.php(250): Illuminate\\Database\\Migrations\\Migrator->write('Illuminate\\\\Cons...', '2025_08_07_0839...', Object(Closure))
#14 D:\\Zip_files\\proj_123\\proj_user.profile_Change\\vendor\\laravel\\framework\\src\\Illuminate\\Database\\Migrations\\Migrator.php(210): Illuminate\\Database\\Migrations\\Migrator->runUp('D:\\\\Zip_files\\\\pr...', 1, false)
#15 D:\\Zip_files\\proj_123\\proj_user.profile_Change\\vendor\\laravel\\framework\\src\\Illuminate\\Database\\Migrations\\Migrator.php(137): Illuminate\\Database\\Migrations\\Migrator->runPending(Array, Array)
#16 D:\\Zip_files\\proj_123\\proj_user.profile_Change\\vendor\\laravel\\framework\\src\\Illuminate\\Database\\Console\\Migrations\\MigrateCommand.php(116): Illuminate\\Database\\Migrations\\Migrator->run(Array, Array)
#17 D:\\Zip_files\\proj_123\\proj_user.profile_Change\\vendor\\laravel\\framework\\src\\Illuminate\\Database\\Migrations\\Migrator.php(666): Illuminate\\Database\\Console\\Migrations\\MigrateCommand->{closure:Illuminate\\Database\\Console\\Migrations\\MigrateCommand::runMigrations():109}()
#18 D:\\Zip_files\\proj_123\\proj_user.profile_Change\\vendor\\laravel\\framework\\src\\Illuminate\\Database\\Console\\Migrations\\MigrateCommand.php(109): Illuminate\\Database\\Migrations\\Migrator->usingConnection(NULL, Object(Closure))
#19 D:\\Zip_files\\proj_123\\proj_user.profile_Change\\vendor\\laravel\\framework\\src\\Illuminate\\Database\\Console\\Migrations\\MigrateCommand.php(88): Illuminate\\Database\\Console\\Migrations\\MigrateCommand->runMigrations()
#20 D:\\Zip_files\\proj_123\\proj_user.profile_Change\\vendor\\laravel\\framework\\src\\Illuminate\\Container\\BoundMethod.php(36): Illuminate\\Database\\Console\\Migrations\\MigrateCommand->handle()
#21 D:\\Zip_files\\proj_123\\proj_user.profile_Change\\vendor\\laravel\\framework\\src\\Illuminate\\Container\\Util.php(43): Illuminate\\Container\\BoundMethod::{closure:Illuminate\\Container\\BoundMethod::call():35}()
#22 D:\\Zip_files\\proj_123\\proj_user.profile_Change\\vendor\\laravel\\framework\\src\\Illuminate\\Container\\BoundMethod.php(96): Illuminate\\Container\\Util::unwrapIfClosure(Object(Closure))
#23 D:\\Zip_files\\proj_123\\proj_user.profile_Change\\vendor\\laravel\\framework\\src\\Illuminate\\Container\\BoundMethod.php(35): Illuminate\\Container\\BoundMethod::callBoundMethod(Object(Illuminate\\Foundation\\Application), Array, Object(Closure))
#24 D:\\Zip_files\\proj_123\\proj_user.profile_Change\\vendor\\laravel\\framework\\src\\Illuminate\\Container\\Container.php(780): Illuminate\\Container\\BoundMethod::call(Object(Illuminate\\Foundation\\Application), Array, Array, NULL)
#25 D:\\Zip_files\\proj_123\\proj_user.profile_Change\\vendor\\laravel\\framework\\src\\Illuminate\\Console\\Command.php(211): Illuminate\\Container\\Container->call(Array)
#26 D:\\Zip_files\\proj_123\\proj_user.profile_Change\\vendor\\symfony\\console\\Command\\Command.php(318): Illuminate\\Console\\Command->execute(Object(Symfony\\Component\\Console\\Input\\ArrayInput), Object(Illuminate\\Console\\OutputStyle))
#27 D:\\Zip_files\\proj_123\\proj_user.profile_Change\\vendor\\laravel\\framework\\src\\Illuminate\\Console\\Command.php(180): Symfony\\Component\\Console\\Command\\Command->run(Object(Symfony\\Component\\Console\\Input\\ArrayInput), Object(Illuminate\\Console\\OutputStyle))
#28 D:\\Zip_files\\proj_123\\proj_user.profile_Change\\vendor\\laravel\\framework\\src\\Illuminate\\Console\\Concerns\\CallsCommands.php(68): Illuminate\\Console\\Command->run(Object(Symfony\\Component\\Console\\Input\\ArrayInput), Object(Illuminate\\Console\\OutputStyle))
#29 D:\\Zip_files\\proj_123\\proj_user.profile_Change\\vendor\\laravel\\framework\\src\\Illuminate\\Console\\Concerns\\CallsCommands.php(29): Illuminate\\Console\\Command->runCommand('migrate', Array, Object(Illuminate\\Console\\OutputStyle))
#30 D:\\Zip_files\\proj_123\\proj_user.profile_Change\\vendor\\laravel\\framework\\src\\Illuminate\\Database\\Console\\Migrations\\FreshCommand.php(81): Illuminate\\Console\\Command->call('migrate', Array)
#31 D:\\Zip_files\\proj_123\\proj_user.profile_Change\\vendor\\laravel\\framework\\src\\Illuminate\\Container\\BoundMethod.php(36): Illuminate\\Database\\Console\\Migrations\\FreshCommand->handle()
#32 D:\\Zip_files\\proj_123\\proj_user.profile_Change\\vendor\\laravel\\framework\\src\\Illuminate\\Container\\Util.php(43): Illuminate\\Container\\BoundMethod::{closure:Illuminate\\Container\\BoundMethod::call():35}()
#33 D:\\Zip_files\\proj_123\\proj_user.profile_Change\\vendor\\laravel\\framework\\src\\Illuminate\\Container\\BoundMethod.php(96): Illuminate\\Container\\Util::unwrapIfClosure(Object(Closure))
#34 D:\\Zip_files\\proj_123\\proj_user.profile_Change\\vendor\\laravel\\framework\\src\\Illuminate\\Container\\BoundMethod.php(35): Illuminate\\Container\\BoundMethod::callBoundMethod(Object(Illuminate\\Foundation\\Application), Array, Object(Closure))
#35 D:\\Zip_files\\proj_123\\proj_user.profile_Change\\vendor\\laravel\\framework\\src\\Illuminate\\Container\\Container.php(780): Illuminate\\Container\\BoundMethod::call(Object(Illuminate\\Foundation\\Application), Array, Array, NULL)
#36 D:\\Zip_files\\proj_123\\proj_user.profile_Change\\vendor\\laravel\\framework\\src\\Illuminate\\Console\\Command.php(211): Illuminate\\Container\\Container->call(Array)
#37 D:\\Zip_files\\proj_123\\proj_user.profile_Change\\vendor\\symfony\\console\\Command\\Command.php(318): Illuminate\\Console\\Command->execute(Object(Symfony\\Component\\Console\\Input\\ArgvInput), Object(Illuminate\\Console\\OutputStyle))
#38 D:\\Zip_files\\proj_123\\proj_user.profile_Change\\vendor\\laravel\\framework\\src\\Illuminate\\Console\\Command.php(180): Symfony\\Component\\Console\\Command\\Command->run(Object(Symfony\\Component\\Console\\Input\\ArgvInput), Object(Illuminate\\Console\\OutputStyle))
#39 D:\\Zip_files\\proj_123\\proj_user.profile_Change\\vendor\\symfony\\console\\Application.php(1092): Illuminate\\Console\\Command->run(Object(Symfony\\Component\\Console\\Input\\ArgvInput), Object(Symfony\\Component\\Console\\Output\\ConsoleOutput))
#40 D:\\Zip_files\\proj_123\\proj_user.profile_Change\\vendor\\symfony\\console\\Application.php(341): Symfony\\Component\\Console\\Application->doRunCommand(Object(Illuminate\\Database\\Console\\Migrations\\FreshCommand), Object(Symfony\\Component\\Console\\Input\\ArgvInput), Object(Symfony\\Component\\Console\\Output\\ConsoleOutput))
#41 D:\\Zip_files\\proj_123\\proj_user.profile_Change\\vendor\\symfony\\console\\Application.php(192): Symfony\\Component\\Console\\Application->doRun(Object(Symfony\\Component\\Console\\Input\\ArgvInput), Object(Symfony\\Component\\Console\\Output\\ConsoleOutput))
#42 D:\\Zip_files\\proj_123\\proj_user.profile_Change\\vendor\\laravel\\framework\\src\\Illuminate\\Foundation\\Console\\Kernel.php(197): Symfony\\Component\\Console\\Application->run(Object(Symfony\\Component\\Console\\Input\\ArgvInput), Object(Symfony\\Component\\Console\\Output\\ConsoleOutput))
#43 D:\\Zip_files\\proj_123\\proj_user.profile_Change\\vendor\\laravel\\framework\\src\\Illuminate\\Foundation\\Application.php(1234): Illuminate\\Foundation\\Console\\Kernel->handle(Object(Symfony\\Component\\Console\\Input\\ArgvInput), Object(Symfony\\Component\\Console\\Output\\ConsoleOutput))
#44 D:\\Zip_files\\proj_123\\proj_user.profile_Change\\artisan(16): Illuminate\\Foundation\\Application->handleCommand(Object(Symfony\\Component\\Console\\Input\\ArgvInput))
#45 {main}

[previous exception] [object] (PDOException(code: 42S21): SQLSTATE[42S21]: Column already exists: 1060 Duplicate column name 'media_path' at D:\\Zip_files\\proj_123\\proj_user.profile_Change\\vendor\\laravel\\framework\\src\\Illuminate\\Database\\Connection.php:570)
[stacktrace]
#0 D:\\Zip_files\\proj_123\\proj_user.profile_Change\\vendor\\laravel\\framework\\src\\Illuminate\\Database\\Connection.php(570): PDOStatement->execute()
#1 D:\\Zip_files\\proj_123\\proj_user.profile_Change\\vendor\\laravel\\framework\\src\\Illuminate\\Database\\Connection.php(811): Illuminate\\Database\\Connection->{closure:Illuminate\\Database\\Connection::statement():559}('alter table `po...', Array)
#2 D:\\Zip_files\\proj_123\\proj_user.profile_Change\\vendor\\laravel\\framework\\src\\Illuminate\\Database\\Connection.php(778): Illuminate\\Database\\Connection->runQueryCallback('alter table `po...', Array, Object(Closure))
#3 D:\\Zip_files\\proj_123\\proj_user.profile_Change\\vendor\\laravel\\framework\\src\\Illuminate\\Database\\Connection.php(559): Illuminate\\Database\\Connection->run('alter table `po...', Array, Object(Closure))
#4 D:\\Zip_files\\proj_123\\proj_user.profile_Change\\vendor\\laravel\\framework\\src\\Illuminate\\Database\\Schema\\Blueprint.php(119): Illuminate\\Database\\Connection->statement('alter table `po...')
#5 D:\\Zip_files\\proj_123\\proj_user.profile_Change\\vendor\\laravel\\framework\\src\\Illuminate\\Database\\Schema\\Builder.php(618): Illuminate\\Database\\Schema\\Blueprint->build()
#6 D:\\Zip_files\\proj_123\\proj_user.profile_Change\\vendor\\laravel\\framework\\src\\Illuminate\\Database\\Schema\\Builder.php(460): Illuminate\\Database\\Schema\\Builder->build(Object(Illuminate\\Database\\Schema\\Blueprint))
#7 D:\\Zip_files\\proj_123\\proj_user.profile_Change\\vendor\\laravel\\framework\\src\\Illuminate\\Support\\Facades\\Facade.php(361): Illuminate\\Database\\Schema\\Builder->table('posts', Object(Closure))
#8 D:\\Zip_files\\proj_123\\proj_user.profile_Change\\database\\migrations\\2025_08_07_083949_add_media_to_posts_table.php(14): Illuminate\\Support\\Facades\\Facade::__callStatic('table', Array)
#9 D:\\Zip_files\\proj_123\\proj_user.profile_Change\\vendor\\laravel\\framework\\src\\Illuminate\\Database\\Migrations\\Migrator.php(514): Illuminate\\Database\\Migrations\\Migration@anonymous->up()
#10 D:\\Zip_files\\proj_123\\proj_user.profile_Change\\vendor\\laravel\\framework\\src\\Illuminate\\Database\\Migrations\\Migrator.php(439): Illuminate\\Database\\Migrations\\Migrator->runMethod(Object(Illuminate\\Database\\MySqlConnection), Object(Illuminate\\Database\\Migrations\\Migration@anonymous), 'up')
#11 D:\\Zip_files\\proj_123\\proj_user.profile_Change\\vendor\\laravel\\framework\\src\\Illuminate\\Database\\Migrations\\Migrator.php(448): Illuminate\\Database\\Migrations\\Migrator->{closure:Illuminate\\Database\\Migrations\\Migrator::runMigration():435}()
#12 D:\\Zip_files\\proj_123\\proj_user.profile_Change\\vendor\\laravel\\framework\\src\\Illuminate\\Database\\Migrations\\Migrator.php(250): Illuminate\\Database\\Migrations\\Migrator->runMigration(Object(Illuminate\\Database\\Migrations\\Migration@anonymous), 'up')
#13 D:\\Zip_files\\proj_123\\proj_user.profile_Change\\vendor\\laravel\\framework\\src\\Illuminate\\Console\\View\\Components\\Task.php(41): Illuminate\\Database\\Migrations\\Migrator->{closure:Illuminate\\Database\\Migrations\\Migrator::runUp():250}()
#14 D:\\Zip_files\\proj_123\\proj_user.profile_Change\\vendor\\laravel\\framework\\src\\Illuminate\\Database\\Migrations\\Migrator.php(809): Illuminate\\Console\\View\\Components\\Task->render('2025_08_07_0839...', Object(Closure))
#15 D:\\Zip_files\\proj_123\\proj_user.profile_Change\\vendor\\laravel\\framework\\src\\Illuminate\\Database\\Migrations\\Migrator.php(250): Illuminate\\Database\\Migrations\\Migrator->write('Illuminate\\\\Cons...', '2025_08_07_0839...', Object(Closure))
#16 D:\\Zip_files\\proj_123\\proj_user.profile_Change\\vendor\\laravel\\framework\\src\\Illuminate\\Database\\Migrations\\Migrator.php(210): Illuminate\\Database\\Migrations\\Migrator->runUp('D:\\\\Zip_files\\\\pr...', 1, false)
#17 D:\\Zip_files\\proj_123\\proj_user.profile_Change\\vendor\\laravel\\framework\\src\\Illuminate\\Database\\Migrations\\Migrator.php(137): Illuminate\\Database\\Migrations\\Migrator->runPending(Array, Array)
#18 D:\\Zip_files\\proj_123\\proj_user.profile_Change\\vendor\\laravel\\framework\\src\\Illuminate\\Database\\Console\\Migrations\\MigrateCommand.php(116): Illuminate\\Database\\Migrations\\Migrator->run(Array, Array)
#19 D:\\Zip_files\\proj_123\\proj_user.profile_Change\\vendor\\laravel\\framework\\src\\Illuminate\\Database\\Migrations\\Migrator.php(666): Illuminate\\Database\\Console\\Migrations\\MigrateCommand->{closure:Illuminate\\Database\\Console\\Migrations\\MigrateCommand::runMigrations():109}()
#20 D:\\Zip_files\\proj_123\\proj_user.profile_Change\\vendor\\laravel\\framework\\src\\Illuminate\\Database\\Console\\Migrations\\MigrateCommand.php(109): Illuminate\\Database\\Migrations\\Migrator->usingConnection(NULL, Object(Closure))
#21 D:\\Zip_files\\proj_123\\proj_user.profile_Change\\vendor\\laravel\\framework\\src\\Illuminate\\Database\\Console\\Migrations\\MigrateCommand.php(88): Illuminate\\Database\\Console\\Migrations\\MigrateCommand->runMigrations()
#22 D:\\Zip_files\\proj_123\\proj_user.profile_Change\\vendor\\laravel\\framework\\src\\Illuminate\\Container\\BoundMethod.php(36): Illuminate\\Database\\Console\\Migrations\\MigrateCommand->handle()
#23 D:\\Zip_files\\proj_123\\proj_user.profile_Change\\vendor\\laravel\\framework\\src\\Illuminate\\Container\\Util.php(43): Illuminate\\Container\\BoundMethod::{closure:Illuminate\\Container\\BoundMethod::call():35}()
#24 D:\\Zip_files\\proj_123\\proj_user.profile_Change\\vendor\\laravel\\framework\\src\\Illuminate\\Container\\BoundMethod.php(96): Illuminate\\Container\\Util::unwrapIfClosure(Object(Closure))
#25 D:\\Zip_files\\proj_123\\proj_user.profile_Change\\vendor\\laravel\\framework\\src\\Illuminate\\Container\\BoundMethod.php(35): Illuminate\\Container\\BoundMethod::callBoundMethod(Object(Illuminate\\Foundation\\Application), Array, Object(Closure))
#26 D:\\Zip_files\\proj_123\\proj_user.profile_Change\\vendor\\laravel\\framework\\src\\Illuminate\\Container\\Container.php(780): Illuminate\\Container\\BoundMethod::call(Object(Illuminate\\Foundation\\Application), Array, Array, NULL)
#27 D:\\Zip_files\\proj_123\\proj_user.profile_Change\\vendor\\laravel\\framework\\src\\Illuminate\\Console\\Command.php(211): Illuminate\\Container\\Container->call(Array)
#28 D:\\Zip_files\\proj_123\\proj_user.profile_Change\\vendor\\symfony\\console\\Command\\Command.php(318): Illuminate\\Console\\Command->execute(Object(Symfony\\Component\\Console\\Input\\ArrayInput), Object(Illuminate\\Console\\OutputStyle))
#29 D:\\Zip_files\\proj_123\\proj_user.profile_Change\\vendor\\laravel\\framework\\src\\Illuminate\\Console\\Command.php(180): Symfony\\Component\\Console\\Command\\Command->run(Object(Symfony\\Component\\Console\\Input\\ArrayInput), Object(Illuminate\\Console\\OutputStyle))
#30 D:\\Zip_files\\proj_123\\proj_user.profile_Change\\vendor\\laravel\\framework\\src\\Illuminate\\Console\\Concerns\\CallsCommands.php(68): Illuminate\\Console\\Command->run(Object(Symfony\\Component\\Console\\Input\\ArrayInput), Object(Illuminate\\Console\\OutputStyle))
#31 D:\\Zip_files\\proj_123\\proj_user.profile_Change\\vendor\\laravel\\framework\\src\\Illuminate\\Console\\Concerns\\CallsCommands.php(29): Illuminate\\Console\\Command->runCommand('migrate', Array, Object(Illuminate\\Console\\OutputStyle))
#32 D:\\Zip_files\\proj_123\\proj_user.profile_Change\\vendor\\laravel\\framework\\src\\Illuminate\\Database\\Console\\Migrations\\FreshCommand.php(81): Illuminate\\Console\\Command->call('migrate', Array)
#33 D:\\Zip_files\\proj_123\\proj_user.profile_Change\\vendor\\laravel\\framework\\src\\Illuminate\\Container\\BoundMethod.php(36): Illuminate\\Database\\Console\\Migrations\\FreshCommand->handle()
#34 D:\\Zip_files\\proj_123\\proj_user.profile_Change\\vendor\\laravel\\framework\\src\\Illuminate\\Container\\Util.php(43): Illuminate\\Container\\BoundMethod::{closure:Illuminate\\Container\\BoundMethod::call():35}()
#35 D:\\Zip_files\\proj_123\\proj_user.profile_Change\\vendor\\laravel\\framework\\src\\Illuminate\\Container\\BoundMethod.php(96): Illuminate\\Container\\Util::unwrapIfClosure(Object(Closure))
#36 D:\\Zip_files\\proj_123\\proj_user.profile_Change\\vendor\\laravel\\framework\\src\\Illuminate\\Container\\BoundMethod.php(35): Illuminate\\Container\\BoundMethod::callBoundMethod(Object(Illuminate\\Foundation\\Application), Array, Object(Closure))
#37 D:\\Zip_files\\proj_123\\proj_user.profile_Change\\vendor\\laravel\\framework\\src\\Illuminate\\Container\\Container.php(780): Illuminate\\Container\\BoundMethod::call(Object(Illuminate\\Foundation\\Application), Array, Array, NULL)
#38 D:\\Zip_files\\proj_123\\proj_user.profile_Change\\vendor\\laravel\\framework\\src\\Illuminate\\Console\\Command.php(211): Illuminate\\Container\\Container->call(Array)
#39 D:\\Zip_files\\proj_123\\proj_user.profile_Change\\vendor\\symfony\\console\\Command\\Command.php(318): Illuminate\\Console\\Command->execute(Object(Symfony\\Component\\Console\\Input\\ArgvInput), Object(Illuminate\\Console\\OutputStyle))
#40 D:\\Zip_files\\proj_123\\proj_user.profile_Change\\vendor\\laravel\\framework\\src\\Illuminate\\Console\\Command.php(180): Symfony\\Component\\Console\\Command\\Command->run(Object(Symfony\\Component\\Console\\Input\\ArgvInput), Object(Illuminate\\Console\\OutputStyle))
#41 D:\\Zip_files\\proj_123\\proj_user.profile_Change\\vendor\\symfony\\console\\Application.php(1092): Illuminate\\Console\\Command->run(Object(Symfony\\Component\\Console\\Input\\ArgvInput), Object(Symfony\\Component\\Console\\Output\\ConsoleOutput))
#42 D:\\Zip_files\\proj_123\\proj_user.profile_Change\\vendor\\symfony\\console\\Application.php(341): Symfony\\Component\\Console\\Application->doRunCommand(Object(Illuminate\\Database\\Console\\Migrations\\FreshCommand), Object(Symfony\\Component\\Console\\Input\\ArgvInput), Object(Symfony\\Component\\Console\\Output\\ConsoleOutput))
#43 D:\\Zip_files\\proj_123\\proj_user.profile_Change\\vendor\\symfony\\console\\Application.php(192): Symfony\\Component\\Console\\Application->doRun(Object(Symfony\\Component\\Console\\Input\\ArgvInput), Object(Symfony\\Component\\Console\\Output\\ConsoleOutput))
#44 D:\\Zip_files\\proj_123\\proj_user.profile_Change\\vendor\\laravel\\framework\\src\\Illuminate\\Foundation\\Console\\Kernel.php(197): Symfony\\Component\\Console\\Application->run(Object(Symfony\\Component\\Console\\Input\\ArgvInput), Object(Symfony\\Component\\Console\\Output\\ConsoleOutput))
#45 D:\\Zip_files\\proj_123\\proj_user.profile_Change\\vendor\\laravel\\framework\\src\\Illuminate\\Foundation\\Application.php(1234): Illuminate\\Foundation\\Console\\Kernel->handle(Object(Symfony\\Component\\Console\\Input\\ArgvInput), Object(Symfony\\Component\\Console\\Output\\ConsoleOutput))
#46 D:\\Zip_files\\proj_123\\proj_user.profile_Change\\artisan(16): Illuminate\\Foundation\\Application->handleCommand(Object(Symfony\\Component\\Console\\Input\\ArgvInput))
#47 {main}
"} 
[2025-08-07 15:41:28] local.ERROR: SQLSTATE[42S21]: Column already exists: 1060 Duplicate column name 'media_path' (Connection: mysql, SQL: alter table `posts` add `media_path` varchar(191) null) {"exception":"[object] (Illuminate\\Database\\QueryException(code: 42S21): SQLSTATE[42S21]: Column already exists: 1060 Duplicate column name 'media_path' (Connection: mysql, SQL: alter table `posts` add `media_path` varchar(191) null) at D:\\Zip_files\\proj_123\\proj_user.profile_Change\\vendor\\laravel\\framework\\src\\Illuminate\\Database\\Connection.php:824)
[stacktrace]
#0 D:\\Zip_files\\proj_123\\proj_user.profile_Change\\vendor\\laravel\\framework\\src\\Illuminate\\Database\\Connection.php(778): Illuminate\\Database\\Connection->runQueryCallback('alter table `po...', Array, Object(Closure))
#1 D:\\Zip_files\\proj_123\\proj_user.profile_Change\\vendor\\laravel\\framework\\src\\Illuminate\\Database\\Connection.php(559): Illuminate\\Database\\Connection->run('alter table `po...', Array, Object(Closure))
#2 D:\\Zip_files\\proj_123\\proj_user.profile_Change\\vendor\\laravel\\framework\\src\\Illuminate\\Database\\Schema\\Blueprint.php(119): Illuminate\\Database\\Connection->statement('alter table `po...')
#3 D:\\Zip_files\\proj_123\\proj_user.profile_Change\\vendor\\laravel\\framework\\src\\Illuminate\\Database\\Schema\\Builder.php(618): Illuminate\\Database\\Schema\\Blueprint->build()
#4 D:\\Zip_files\\proj_123\\proj_user.profile_Change\\vendor\\laravel\\framework\\src\\Illuminate\\Database\\Schema\\Builder.php(460): Illuminate\\Database\\Schema\\Builder->build(Object(Illuminate\\Database\\Schema\\Blueprint))
#5 D:\\Zip_files\\proj_123\\proj_user.profile_Change\\vendor\\laravel\\framework\\src\\Illuminate\\Support\\Facades\\Facade.php(361): Illuminate\\Database\\Schema\\Builder->table('posts', Object(Closure))
#6 D:\\Zip_files\\proj_123\\proj_user.profile_Change\\database\\migrations\\2025_08_07_083949_add_media_to_posts_table.php(14): Illuminate\\Support\\Facades\\Facade::__callStatic('table', Array)
#7 D:\\Zip_files\\proj_123\\proj_user.profile_Change\\vendor\\laravel\\framework\\src\\Illuminate\\Database\\Migrations\\Migrator.php(514): Illuminate\\Database\\Migrations\\Migration@anonymous->up()
#8 D:\\Zip_files\\proj_123\\proj_user.profile_Change\\vendor\\laravel\\framework\\src\\Illuminate\\Database\\Migrations\\Migrator.php(439): Illuminate\\Database\\Migrations\\Migrator->runMethod(Object(Illuminate\\Database\\MySqlConnection), Object(Illuminate\\Database\\Migrations\\Migration@anonymous), 'up')
#9 D:\\Zip_files\\proj_123\\proj_user.profile_Change\\vendor\\laravel\\framework\\src\\Illuminate\\Database\\Migrations\\Migrator.php(448): Illuminate\\Database\\Migrations\\Migrator->{closure:Illuminate\\Database\\Migrations\\Migrator::runMigration():435}()
#10 D:\\Zip_files\\proj_123\\proj_user.profile_Change\\vendor\\laravel\\framework\\src\\Illuminate\\Database\\Migrations\\Migrator.php(250): Illuminate\\Database\\Migrations\\Migrator->runMigration(Object(Illuminate\\Database\\Migrations\\Migration@anonymous), 'up')
#11 D:\\Zip_files\\proj_123\\proj_user.profile_Change\\vendor\\laravel\\framework\\src\\Illuminate\\Console\\View\\Components\\Task.php(41): Illuminate\\Database\\Migrations\\Migrator->{closure:Illuminate\\Database\\Migrations\\Migrator::runUp():250}()
#12 D:\\Zip_files\\proj_123\\proj_user.profile_Change\\vendor\\laravel\\framework\\src\\Illuminate\\Database\\Migrations\\Migrator.php(809): Illuminate\\Console\\View\\Components\\Task->render('2025_08_07_0839...', Object(Closure))
#13 D:\\Zip_files\\proj_123\\proj_user.profile_Change\\vendor\\laravel\\framework\\src\\Illuminate\\Database\\Migrations\\Migrator.php(250): Illuminate\\Database\\Migrations\\Migrator->write('Illuminate\\\\Cons...', '2025_08_07_0839...', Object(Closure))
#14 D:\\Zip_files\\proj_123\\proj_user.profile_Change\\vendor\\laravel\\framework\\src\\Illuminate\\Database\\Migrations\\Migrator.php(210): Illuminate\\Database\\Migrations\\Migrator->runUp('D:\\\\Zip_files\\\\pr...', 1, false)
#15 D:\\Zip_files\\proj_123\\proj_user.profile_Change\\vendor\\laravel\\framework\\src\\Illuminate\\Database\\Migrations\\Migrator.php(137): Illuminate\\Database\\Migrations\\Migrator->runPending(Array, Array)
#16 D:\\Zip_files\\proj_123\\proj_user.profile_Change\\vendor\\laravel\\framework\\src\\Illuminate\\Database\\Console\\Migrations\\MigrateCommand.php(116): Illuminate\\Database\\Migrations\\Migrator->run(Array, Array)
#17 D:\\Zip_files\\proj_123\\proj_user.profile_Change\\vendor\\laravel\\framework\\src\\Illuminate\\Database\\Migrations\\Migrator.php(666): Illuminate\\Database\\Console\\Migrations\\MigrateCommand->{closure:Illuminate\\Database\\Console\\Migrations\\MigrateCommand::runMigrations():109}()
#18 D:\\Zip_files\\proj_123\\proj_user.profile_Change\\vendor\\laravel\\framework\\src\\Illuminate\\Database\\Console\\Migrations\\MigrateCommand.php(109): Illuminate\\Database\\Migrations\\Migrator->usingConnection(NULL, Object(Closure))
#19 D:\\Zip_files\\proj_123\\proj_user.profile_Change\\vendor\\laravel\\framework\\src\\Illuminate\\Database\\Console\\Migrations\\MigrateCommand.php(88): Illuminate\\Database\\Console\\Migrations\\MigrateCommand->runMigrations()
#20 D:\\Zip_files\\proj_123\\proj_user.profile_Change\\vendor\\laravel\\framework\\src\\Illuminate\\Container\\BoundMethod.php(36): Illuminate\\Database\\Console\\Migrations\\MigrateCommand->handle()
#21 D:\\Zip_files\\proj_123\\proj_user.profile_Change\\vendor\\laravel\\framework\\src\\Illuminate\\Container\\Util.php(43): Illuminate\\Container\\BoundMethod::{closure:Illuminate\\Container\\BoundMethod::call():35}()
#22 D:\\Zip_files\\proj_123\\proj_user.profile_Change\\vendor\\laravel\\framework\\src\\Illuminate\\Container\\BoundMethod.php(96): Illuminate\\Container\\Util::unwrapIfClosure(Object(Closure))
#23 D:\\Zip_files\\proj_123\\proj_user.profile_Change\\vendor\\laravel\\framework\\src\\Illuminate\\Container\\BoundMethod.php(35): Illuminate\\Container\\BoundMethod::callBoundMethod(Object(Illuminate\\Foundation\\Application), Array, Object(Closure))
#24 D:\\Zip_files\\proj_123\\proj_user.profile_Change\\vendor\\laravel\\framework\\src\\Illuminate\\Container\\Container.php(780): Illuminate\\Container\\BoundMethod::call(Object(Illuminate\\Foundation\\Application), Array, Array, NULL)
#25 D:\\Zip_files\\proj_123\\proj_user.profile_Change\\vendor\\laravel\\framework\\src\\Illuminate\\Console\\Command.php(211): Illuminate\\Container\\Container->call(Array)
#26 D:\\Zip_files\\proj_123\\proj_user.profile_Change\\vendor\\symfony\\console\\Command\\Command.php(318): Illuminate\\Console\\Command->execute(Object(Symfony\\Component\\Console\\Input\\ArrayInput), Object(Illuminate\\Console\\OutputStyle))
#27 D:\\Zip_files\\proj_123\\proj_user.profile_Change\\vendor\\laravel\\framework\\src\\Illuminate\\Console\\Command.php(180): Symfony\\Component\\Console\\Command\\Command->run(Object(Symfony\\Component\\Console\\Input\\ArrayInput), Object(Illuminate\\Console\\OutputStyle))
#28 D:\\Zip_files\\proj_123\\proj_user.profile_Change\\vendor\\laravel\\framework\\src\\Illuminate\\Console\\Concerns\\CallsCommands.php(68): Illuminate\\Console\\Command->run(Object(Symfony\\Component\\Console\\Input\\ArrayInput), Object(Illuminate\\Console\\OutputStyle))
#29 D:\\Zip_files\\proj_123\\proj_user.profile_Change\\vendor\\laravel\\framework\\src\\Illuminate\\Console\\Concerns\\CallsCommands.php(29): Illuminate\\Console\\Command->runCommand('migrate', Array, Object(Illuminate\\Console\\OutputStyle))
#30 D:\\Zip_files\\proj_123\\proj_user.profile_Change\\vendor\\laravel\\framework\\src\\Illuminate\\Database\\Console\\Migrations\\FreshCommand.php(81): Illuminate\\Console\\Command->call('migrate', Array)
#31 D:\\Zip_files\\proj_123\\proj_user.profile_Change\\vendor\\laravel\\framework\\src\\Illuminate\\Container\\BoundMethod.php(36): Illuminate\\Database\\Console\\Migrations\\FreshCommand->handle()
#32 D:\\Zip_files\\proj_123\\proj_user.profile_Change\\vendor\\laravel\\framework\\src\\Illuminate\\Container\\Util.php(43): Illuminate\\Container\\BoundMethod::{closure:Illuminate\\Container\\BoundMethod::call():35}()
#33 D:\\Zip_files\\proj_123\\proj_user.profile_Change\\vendor\\laravel\\framework\\src\\Illuminate\\Container\\BoundMethod.php(96): Illuminate\\Container\\Util::unwrapIfClosure(Object(Closure))
#34 D:\\Zip_files\\proj_123\\proj_user.profile_Change\\vendor\\laravel\\framework\\src\\Illuminate\\Container\\BoundMethod.php(35): Illuminate\\Container\\BoundMethod::callBoundMethod(Object(Illuminate\\Foundation\\Application), Array, Object(Closure))
#35 D:\\Zip_files\\proj_123\\proj_user.profile_Change\\vendor\\laravel\\framework\\src\\Illuminate\\Container\\Container.php(780): Illuminate\\Container\\BoundMethod::call(Object(Illuminate\\Foundation\\Application), Array, Array, NULL)
#36 D:\\Zip_files\\proj_123\\proj_user.profile_Change\\vendor\\laravel\\framework\\src\\Illuminate\\Console\\Command.php(211): Illuminate\\Container\\Container->call(Array)
#37 D:\\Zip_files\\proj_123\\proj_user.profile_Change\\vendor\\symfony\\console\\Command\\Command.php(318): Illuminate\\Console\\Command->execute(Object(Symfony\\Component\\Console\\Input\\ArgvInput), Object(Illuminate\\Console\\OutputStyle))
#38 D:\\Zip_files\\proj_123\\proj_user.profile_Change\\vendor\\laravel\\framework\\src\\Illuminate\\Console\\Command.php(180): Symfony\\Component\\Console\\Command\\Command->run(Object(Symfony\\Component\\Console\\Input\\ArgvInput), Object(Illuminate\\Console\\OutputStyle))
#39 D:\\Zip_files\\proj_123\\proj_user.profile_Change\\vendor\\symfony\\console\\Application.php(1092): Illuminate\\Console\\Command->run(Object(Symfony\\Component\\Console\\Input\\ArgvInput), Object(Symfony\\Component\\Console\\Output\\ConsoleOutput))
#40 D:\\Zip_files\\proj_123\\proj_user.profile_Change\\vendor\\symfony\\console\\Application.php(341): Symfony\\Component\\Console\\Application->doRunCommand(Object(Illuminate\\Database\\Console\\Migrations\\FreshCommand), Object(Symfony\\Component\\Console\\Input\\ArgvInput), Object(Symfony\\Component\\Console\\Output\\ConsoleOutput))
#41 D:\\Zip_files\\proj_123\\proj_user.profile_Change\\vendor\\symfony\\console\\Application.php(192): Symfony\\Component\\Console\\Application->doRun(Object(Symfony\\Component\\Console\\Input\\ArgvInput), Object(Symfony\\Component\\Console\\Output\\ConsoleOutput))
#42 D:\\Zip_files\\proj_123\\proj_user.profile_Change\\vendor\\laravel\\framework\\src\\Illuminate\\Foundation\\Console\\Kernel.php(197): Symfony\\Component\\Console\\Application->run(Object(Symfony\\Component\\Console\\Input\\ArgvInput), Object(Symfony\\Component\\Console\\Output\\ConsoleOutput))
#43 D:\\Zip_files\\proj_123\\proj_user.profile_Change\\vendor\\laravel\\framework\\src\\Illuminate\\Foundation\\Application.php(1234): Illuminate\\Foundation\\Console\\Kernel->handle(Object(Symfony\\Component\\Console\\Input\\ArgvInput), Object(Symfony\\Component\\Console\\Output\\ConsoleOutput))
#44 D:\\Zip_files\\proj_123\\proj_user.profile_Change\\artisan(16): Illuminate\\Foundation\\Application->handleCommand(Object(Symfony\\Component\\Console\\Input\\ArgvInput))
#45 {main}

[previous exception] [object] (PDOException(code: 42S21): SQLSTATE[42S21]: Column already exists: 1060 Duplicate column name 'media_path' at D:\\Zip_files\\proj_123\\proj_user.profile_Change\\vendor\\laravel\\framework\\src\\Illuminate\\Database\\Connection.php:570)
[stacktrace]
#0 D:\\Zip_files\\proj_123\\proj_user.profile_Change\\vendor\\laravel\\framework\\src\\Illuminate\\Database\\Connection.php(570): PDOStatement->execute()
#1 D:\\Zip_files\\proj_123\\proj_user.profile_Change\\vendor\\laravel\\framework\\src\\Illuminate\\Database\\Connection.php(811): Illuminate\\Database\\Connection->{closure:Illuminate\\Database\\Connection::statement():559}('alter table `po...', Array)
#2 D:\\Zip_files\\proj_123\\proj_user.profile_Change\\vendor\\laravel\\framework\\src\\Illuminate\\Database\\Connection.php(778): Illuminate\\Database\\Connection->runQueryCallback('alter table `po...', Array, Object(Closure))
#3 D:\\Zip_files\\proj_123\\proj_user.profile_Change\\vendor\\laravel\\framework\\src\\Illuminate\\Database\\Connection.php(559): Illuminate\\Database\\Connection->run('alter table `po...', Array, Object(Closure))
#4 D:\\Zip_files\\proj_123\\proj_user.profile_Change\\vendor\\laravel\\framework\\src\\Illuminate\\Database\\Schema\\Blueprint.php(119): Illuminate\\Database\\Connection->statement('alter table `po...')
#5 D:\\Zip_files\\proj_123\\proj_user.profile_Change\\vendor\\laravel\\framework\\src\\Illuminate\\Database\\Schema\\Builder.php(618): Illuminate\\Database\\Schema\\Blueprint->build()
#6 D:\\Zip_files\\proj_123\\proj_user.profile_Change\\vendor\\laravel\\framework\\src\\Illuminate\\Database\\Schema\\Builder.php(460): Illuminate\\Database\\Schema\\Builder->build(Object(Illuminate\\Database\\Schema\\Blueprint))
#7 D:\\Zip_files\\proj_123\\proj_user.profile_Change\\vendor\\laravel\\framework\\src\\Illuminate\\Support\\Facades\\Facade.php(361): Illuminate\\Database\\Schema\\Builder->table('posts', Object(Closure))
#8 D:\\Zip_files\\proj_123\\proj_user.profile_Change\\database\\migrations\\2025_08_07_083949_add_media_to_posts_table.php(14): Illuminate\\Support\\Facades\\Facade::__callStatic('table', Array)
#9 D:\\Zip_files\\proj_123\\proj_user.profile_Change\\vendor\\laravel\\framework\\src\\Illuminate\\Database\\Migrations\\Migrator.php(514): Illuminate\\Database\\Migrations\\Migration@anonymous->up()
#10 D:\\Zip_files\\proj_123\\proj_user.profile_Change\\vendor\\laravel\\framework\\src\\Illuminate\\Database\\Migrations\\Migrator.php(439): Illuminate\\Database\\Migrations\\Migrator->runMethod(Object(Illuminate\\Database\\MySqlConnection), Object(Illuminate\\Database\\Migrations\\Migration@anonymous), 'up')
#11 D:\\Zip_files\\proj_123\\proj_user.profile_Change\\vendor\\laravel\\framework\\src\\Illuminate\\Database\\Migrations\\Migrator.php(448): Illuminate\\Database\\Migrations\\Migrator->{closure:Illuminate\\Database\\Migrations\\Migrator::runMigration():435}()
#12 D:\\Zip_files\\proj_123\\proj_user.profile_Change\\vendor\\laravel\\framework\\src\\Illuminate\\Database\\Migrations\\Migrator.php(250): Illuminate\\Database\\Migrations\\Migrator->runMigration(Object(Illuminate\\Database\\Migrations\\Migration@anonymous), 'up')
#13 D:\\Zip_files\\proj_123\\proj_user.profile_Change\\vendor\\laravel\\framework\\src\\Illuminate\\Console\\View\\Components\\Task.php(41): Illuminate\\Database\\Migrations\\Migrator->{closure:Illuminate\\Database\\Migrations\\Migrator::runUp():250}()
#14 D:\\Zip_files\\proj_123\\proj_user.profile_Change\\vendor\\laravel\\framework\\src\\Illuminate\\Database\\Migrations\\Migrator.php(809): Illuminate\\Console\\View\\Components\\Task->render('2025_08_07_0839...', Object(Closure))
#15 D:\\Zip_files\\proj_123\\proj_user.profile_Change\\vendor\\laravel\\framework\\src\\Illuminate\\Database\\Migrations\\Migrator.php(250): Illuminate\\Database\\Migrations\\Migrator->write('Illuminate\\\\Cons...', '2025_08_07_0839...', Object(Closure))
#16 D:\\Zip_files\\proj_123\\proj_user.profile_Change\\vendor\\laravel\\framework\\src\\Illuminate\\Database\\Migrations\\Migrator.php(210): Illuminate\\Database\\Migrations\\Migrator->runUp('D:\\\\Zip_files\\\\pr...', 1, false)
#17 D:\\Zip_files\\proj_123\\proj_user.profile_Change\\vendor\\laravel\\framework\\src\\Illuminate\\Database\\Migrations\\Migrator.php(137): Illuminate\\Database\\Migrations\\Migrator->runPending(Array, Array)
#18 D:\\Zip_files\\proj_123\\proj_user.profile_Change\\vendor\\laravel\\framework\\src\\Illuminate\\Database\\Console\\Migrations\\MigrateCommand.php(116): Illuminate\\Database\\Migrations\\Migrator->run(Array, Array)
#19 D:\\Zip_files\\proj_123\\proj_user.profile_Change\\vendor\\laravel\\framework\\src\\Illuminate\\Database\\Migrations\\Migrator.php(666): Illuminate\\Database\\Console\\Migrations\\MigrateCommand->{closure:Illuminate\\Database\\Console\\Migrations\\MigrateCommand::runMigrations():109}()
#20 D:\\Zip_files\\proj_123\\proj_user.profile_Change\\vendor\\laravel\\framework\\src\\Illuminate\\Database\\Console\\Migrations\\MigrateCommand.php(109): Illuminate\\Database\\Migrations\\Migrator->usingConnection(NULL, Object(Closure))
#21 D:\\Zip_files\\proj_123\\proj_user.profile_Change\\vendor\\laravel\\framework\\src\\Illuminate\\Database\\Console\\Migrations\\MigrateCommand.php(88): Illuminate\\Database\\Console\\Migrations\\MigrateCommand->runMigrations()
#22 D:\\Zip_files\\proj_123\\proj_user.profile_Change\\vendor\\laravel\\framework\\src\\Illuminate\\Container\\BoundMethod.php(36): Illuminate\\Database\\Console\\Migrations\\MigrateCommand->handle()
#23 D:\\Zip_files\\proj_123\\proj_user.profile_Change\\vendor\\laravel\\framework\\src\\Illuminate\\Container\\Util.php(43): Illuminate\\Container\\BoundMethod::{closure:Illuminate\\Container\\BoundMethod::call():35}()
#24 D:\\Zip_files\\proj_123\\proj_user.profile_Change\\vendor\\laravel\\framework\\src\\Illuminate\\Container\\BoundMethod.php(96): Illuminate\\Container\\Util::unwrapIfClosure(Object(Closure))
#25 D:\\Zip_files\\proj_123\\proj_user.profile_Change\\vendor\\laravel\\framework\\src\\Illuminate\\Container\\BoundMethod.php(35): Illuminate\\Container\\BoundMethod::callBoundMethod(Object(Illuminate\\Foundation\\Application), Array, Object(Closure))
#26 D:\\Zip_files\\proj_123\\proj_user.profile_Change\\vendor\\laravel\\framework\\src\\Illuminate\\Container\\Container.php(780): Illuminate\\Container\\BoundMethod::call(Object(Illuminate\\Foundation\\Application), Array, Array, NULL)
#27 D:\\Zip_files\\proj_123\\proj_user.profile_Change\\vendor\\laravel\\framework\\src\\Illuminate\\Console\\Command.php(211): Illuminate\\Container\\Container->call(Array)
#28 D:\\Zip_files\\proj_123\\proj_user.profile_Change\\vendor\\symfony\\console\\Command\\Command.php(318): Illuminate\\Console\\Command->execute(Object(Symfony\\Component\\Console\\Input\\ArrayInput), Object(Illuminate\\Console\\OutputStyle))
#29 D:\\Zip_files\\proj_123\\proj_user.profile_Change\\vendor\\laravel\\framework\\src\\Illuminate\\Console\\Command.php(180): Symfony\\Component\\Console\\Command\\Command->run(Object(Symfony\\Component\\Console\\Input\\ArrayInput), Object(Illuminate\\Console\\OutputStyle))
#30 D:\\Zip_files\\proj_123\\proj_user.profile_Change\\vendor\\laravel\\framework\\src\\Illuminate\\Console\\Concerns\\CallsCommands.php(68): Illuminate\\Console\\Command->run(Object(Symfony\\Component\\Console\\Input\\ArrayInput), Object(Illuminate\\Console\\OutputStyle))
#31 D:\\Zip_files\\proj_123\\proj_user.profile_Change\\vendor\\laravel\\framework\\src\\Illuminate\\Console\\Concerns\\CallsCommands.php(29): Illuminate\\Console\\Command->runCommand('migrate', Array, Object(Illuminate\\Console\\OutputStyle))
#32 D:\\Zip_files\\proj_123\\proj_user.profile_Change\\vendor\\laravel\\framework\\src\\Illuminate\\Database\\Console\\Migrations\\FreshCommand.php(81): Illuminate\\Console\\Command->call('migrate', Array)
#33 D:\\Zip_files\\proj_123\\proj_user.profile_Change\\vendor\\laravel\\framework\\src\\Illuminate\\Container\\BoundMethod.php(36): Illuminate\\Database\\Console\\Migrations\\FreshCommand->handle()
#34 D:\\Zip_files\\proj_123\\proj_user.profile_Change\\vendor\\laravel\\framework\\src\\Illuminate\\Container\\Util.php(43): Illuminate\\Container\\BoundMethod::{closure:Illuminate\\Container\\BoundMethod::call():35}()
#35 D:\\Zip_files\\proj_123\\proj_user.profile_Change\\vendor\\laravel\\framework\\src\\Illuminate\\Container\\BoundMethod.php(96): Illuminate\\Container\\Util::unwrapIfClosure(Object(Closure))
#36 D:\\Zip_files\\proj_123\\proj_user.profile_Change\\vendor\\laravel\\framework\\src\\Illuminate\\Container\\BoundMethod.php(35): Illuminate\\Container\\BoundMethod::callBoundMethod(Object(Illuminate\\Foundation\\Application), Array, Object(Closure))
#37 D:\\Zip_files\\proj_123\\proj_user.profile_Change\\vendor\\laravel\\framework\\src\\Illuminate\\Container\\Container.php(780): Illuminate\\Container\\BoundMethod::call(Object(Illuminate\\Foundation\\Application), Array, Array, NULL)
#38 D:\\Zip_files\\proj_123\\proj_user.profile_Change\\vendor\\laravel\\framework\\src\\Illuminate\\Console\\Command.php(211): Illuminate\\Container\\Container->call(Array)
#39 D:\\Zip_files\\proj_123\\proj_user.profile_Change\\vendor\\symfony\\console\\Command\\Command.php(318): Illuminate\\Console\\Command->execute(Object(Symfony\\Component\\Console\\Input\\ArgvInput), Object(Illuminate\\Console\\OutputStyle))
#40 D:\\Zip_files\\proj_123\\proj_user.profile_Change\\vendor\\laravel\\framework\\src\\Illuminate\\Console\\Command.php(180): Symfony\\Component\\Console\\Command\\Command->run(Object(Symfony\\Component\\Console\\Input\\ArgvInput), Object(Illuminate\\Console\\OutputStyle))
#41 D:\\Zip_files\\proj_123\\proj_user.profile_Change\\vendor\\symfony\\console\\Application.php(1092): Illuminate\\Console\\Command->run(Object(Symfony\\Component\\Console\\Input\\ArgvInput), Object(Symfony\\Component\\Console\\Output\\ConsoleOutput))
#42 D:\\Zip_files\\proj_123\\proj_user.profile_Change\\vendor\\symfony\\console\\Application.php(341): Symfony\\Component\\Console\\Application->doRunCommand(Object(Illuminate\\Database\\Console\\Migrations\\FreshCommand), Object(Symfony\\Component\\Console\\Input\\ArgvInput), Object(Symfony\\Component\\Console\\Output\\ConsoleOutput))
#43 D:\\Zip_files\\proj_123\\proj_user.profile_Change\\vendor\\symfony\\console\\Application.php(192): Symfony\\Component\\Console\\Application->doRun(Object(Symfony\\Component\\Console\\Input\\ArgvInput), Object(Symfony\\Component\\Console\\Output\\ConsoleOutput))
#44 D:\\Zip_files\\proj_123\\proj_user.profile_Change\\vendor\\laravel\\framework\\src\\Illuminate\\Foundation\\Console\\Kernel.php(197): Symfony\\Component\\Console\\Application->run(Object(Symfony\\Component\\Console\\Input\\ArgvInput), Object(Symfony\\Component\\Console\\Output\\ConsoleOutput))
#45 D:\\Zip_files\\proj_123\\proj_user.profile_Change\\vendor\\laravel\\framework\\src\\Illuminate\\Foundation\\Application.php(1234): Illuminate\\Foundation\\Console\\Kernel->handle(Object(Symfony\\Component\\Console\\Input\\ArgvInput), Object(Symfony\\Component\\Console\\Output\\ConsoleOutput))
#46 D:\\Zip_files\\proj_123\\proj_user.profile_Change\\artisan(16): Illuminate\\Foundation\\Application->handleCommand(Object(Symfony\\Component\\Console\\Input\\ArgvInput))
#47 {main}
"} 
[2025-08-07 15:42:33] local.ERROR: SQLSTATE[42S21]: Column already exists: 1060 Duplicate column name 'media_path' (Connection: mysql, SQL: alter table `posts` add `media_path` varchar(191) null after `content`) {"exception":"[object] (Illuminate\\Database\\QueryException(code: 42S21): SQLSTATE[42S21]: Column already exists: 1060 Duplicate column name 'media_path' (Connection: mysql, SQL: alter table `posts` add `media_path` varchar(191) null after `content`) at D:\\Zip_files\\proj_123\\proj_user.profile_Change\\vendor\\laravel\\framework\\src\\Illuminate\\Database\\Connection.php:824)
[stacktrace]
#0 D:\\Zip_files\\proj_123\\proj_user.profile_Change\\vendor\\laravel\\framework\\src\\Illuminate\\Database\\Connection.php(778): Illuminate\\Database\\Connection->runQueryCallback('alter table `po...', Array, Object(Closure))
#1 D:\\Zip_files\\proj_123\\proj_user.profile_Change\\vendor\\laravel\\framework\\src\\Illuminate\\Database\\Connection.php(559): Illuminate\\Database\\Connection->run('alter table `po...', Array, Object(Closure))
#2 D:\\Zip_files\\proj_123\\proj_user.profile_Change\\vendor\\laravel\\framework\\src\\Illuminate\\Database\\Schema\\Blueprint.php(119): Illuminate\\Database\\Connection->statement('alter table `po...')
#3 D:\\Zip_files\\proj_123\\proj_user.profile_Change\\vendor\\laravel\\framework\\src\\Illuminate\\Database\\Schema\\Builder.php(618): Illuminate\\Database\\Schema\\Blueprint->build()
#4 D:\\Zip_files\\proj_123\\proj_user.profile_Change\\vendor\\laravel\\framework\\src\\Illuminate\\Database\\Schema\\Builder.php(460): Illuminate\\Database\\Schema\\Builder->build(Object(Illuminate\\Database\\Schema\\Blueprint))
#5 D:\\Zip_files\\proj_123\\proj_user.profile_Change\\vendor\\laravel\\framework\\src\\Illuminate\\Support\\Facades\\Facade.php(361): Illuminate\\Database\\Schema\\Builder->table('posts', Object(Closure))
#6 D:\\Zip_files\\proj_123\\proj_user.profile_Change\\database\\migrations\\2025_08_07_103110_add_media_path_to_posts_table.php(14): Illuminate\\Support\\Facades\\Facade::__callStatic('table', Array)
#7 D:\\Zip_files\\proj_123\\proj_user.profile_Change\\vendor\\laravel\\framework\\src\\Illuminate\\Database\\Migrations\\Migrator.php(514): Illuminate\\Database\\Migrations\\Migration@anonymous->up()
#8 D:\\Zip_files\\proj_123\\proj_user.profile_Change\\vendor\\laravel\\framework\\src\\Illuminate\\Database\\Migrations\\Migrator.php(439): Illuminate\\Database\\Migrations\\Migrator->runMethod(Object(Illuminate\\Database\\MySqlConnection), Object(Illuminate\\Database\\Migrations\\Migration@anonymous), 'up')
#9 D:\\Zip_files\\proj_123\\proj_user.profile_Change\\vendor\\laravel\\framework\\src\\Illuminate\\Database\\Migrations\\Migrator.php(448): Illuminate\\Database\\Migrations\\Migrator->{closure:Illuminate\\Database\\Migrations\\Migrator::runMigration():435}()
#10 D:\\Zip_files\\proj_123\\proj_user.profile_Change\\vendor\\laravel\\framework\\src\\Illuminate\\Database\\Migrations\\Migrator.php(250): Illuminate\\Database\\Migrations\\Migrator->runMigration(Object(Illuminate\\Database\\Migrations\\Migration@anonymous), 'up')
#11 D:\\Zip_files\\proj_123\\proj_user.profile_Change\\vendor\\laravel\\framework\\src\\Illuminate\\Console\\View\\Components\\Task.php(41): Illuminate\\Database\\Migrations\\Migrator->{closure:Illuminate\\Database\\Migrations\\Migrator::runUp():250}()
#12 D:\\Zip_files\\proj_123\\proj_user.profile_Change\\vendor\\laravel\\framework\\src\\Illuminate\\Database\\Migrations\\Migrator.php(809): Illuminate\\Console\\View\\Components\\Task->render('2025_08_07_1031...', Object(Closure))
#13 D:\\Zip_files\\proj_123\\proj_user.profile_Change\\vendor\\laravel\\framework\\src\\Illuminate\\Database\\Migrations\\Migrator.php(250): Illuminate\\Database\\Migrations\\Migrator->write('Illuminate\\\\Cons...', '2025_08_07_1031...', Object(Closure))
#14 D:\\Zip_files\\proj_123\\proj_user.profile_Change\\vendor\\laravel\\framework\\src\\Illuminate\\Database\\Migrations\\Migrator.php(210): Illuminate\\Database\\Migrations\\Migrator->runUp('D:\\\\Zip_files\\\\pr...', 1, false)
#15 D:\\Zip_files\\proj_123\\proj_user.profile_Change\\vendor\\laravel\\framework\\src\\Illuminate\\Database\\Migrations\\Migrator.php(137): Illuminate\\Database\\Migrations\\Migrator->runPending(Array, Array)
#16 D:\\Zip_files\\proj_123\\proj_user.profile_Change\\vendor\\laravel\\framework\\src\\Illuminate\\Database\\Console\\Migrations\\MigrateCommand.php(116): Illuminate\\Database\\Migrations\\Migrator->run(Array, Array)
#17 D:\\Zip_files\\proj_123\\proj_user.profile_Change\\vendor\\laravel\\framework\\src\\Illuminate\\Database\\Migrations\\Migrator.php(666): Illuminate\\Database\\Console\\Migrations\\MigrateCommand->{closure:Illuminate\\Database\\Console\\Migrations\\MigrateCommand::runMigrations():109}()
#18 D:\\Zip_files\\proj_123\\proj_user.profile_Change\\vendor\\laravel\\framework\\src\\Illuminate\\Database\\Console\\Migrations\\MigrateCommand.php(109): Illuminate\\Database\\Migrations\\Migrator->usingConnection(NULL, Object(Closure))
#19 D:\\Zip_files\\proj_123\\proj_user.profile_Change\\vendor\\laravel\\framework\\src\\Illuminate\\Database\\Console\\Migrations\\MigrateCommand.php(88): Illuminate\\Database\\Console\\Migrations\\MigrateCommand->runMigrations()
#20 D:\\Zip_files\\proj_123\\proj_user.profile_Change\\vendor\\laravel\\framework\\src\\Illuminate\\Container\\BoundMethod.php(36): Illuminate\\Database\\Console\\Migrations\\MigrateCommand->handle()
#21 D:\\Zip_files\\proj_123\\proj_user.profile_Change\\vendor\\laravel\\framework\\src\\Illuminate\\Container\\Util.php(43): Illuminate\\Container\\BoundMethod::{closure:Illuminate\\Container\\BoundMethod::call():35}()
#22 D:\\Zip_files\\proj_123\\proj_user.profile_Change\\vendor\\laravel\\framework\\src\\Illuminate\\Container\\BoundMethod.php(96): Illuminate\\Container\\Util::unwrapIfClosure(Object(Closure))
#23 D:\\Zip_files\\proj_123\\proj_user.profile_Change\\vendor\\laravel\\framework\\src\\Illuminate\\Container\\BoundMethod.php(35): Illuminate\\Container\\BoundMethod::callBoundMethod(Object(Illuminate\\Foundation\\Application), Array, Object(Closure))
#24 D:\\Zip_files\\proj_123\\proj_user.profile_Change\\vendor\\laravel\\framework\\src\\Illuminate\\Container\\Container.php(780): Illuminate\\Container\\BoundMethod::call(Object(Illuminate\\Foundation\\Application), Array, Array, NULL)
#25 D:\\Zip_files\\proj_123\\proj_user.profile_Change\\vendor\\laravel\\framework\\src\\Illuminate\\Console\\Command.php(211): Illuminate\\Container\\Container->call(Array)
#26 D:\\Zip_files\\proj_123\\proj_user.profile_Change\\vendor\\symfony\\console\\Command\\Command.php(318): Illuminate\\Console\\Command->execute(Object(Symfony\\Component\\Console\\Input\\ArrayInput), Object(Illuminate\\Console\\OutputStyle))
#27 D:\\Zip_files\\proj_123\\proj_user.profile_Change\\vendor\\laravel\\framework\\src\\Illuminate\\Console\\Command.php(180): Symfony\\Component\\Console\\Command\\Command->run(Object(Symfony\\Component\\Console\\Input\\ArrayInput), Object(Illuminate\\Console\\OutputStyle))
#28 D:\\Zip_files\\proj_123\\proj_user.profile_Change\\vendor\\laravel\\framework\\src\\Illuminate\\Console\\Concerns\\CallsCommands.php(68): Illuminate\\Console\\Command->run(Object(Symfony\\Component\\Console\\Input\\ArrayInput), Object(Illuminate\\Console\\OutputStyle))
#29 D:\\Zip_files\\proj_123\\proj_user.profile_Change\\vendor\\laravel\\framework\\src\\Illuminate\\Console\\Concerns\\CallsCommands.php(29): Illuminate\\Console\\Command->runCommand('migrate', Array, Object(Illuminate\\Console\\OutputStyle))
#30 D:\\Zip_files\\proj_123\\proj_user.profile_Change\\vendor\\laravel\\framework\\src\\Illuminate\\Database\\Console\\Migrations\\FreshCommand.php(81): Illuminate\\Console\\Command->call('migrate', Array)
#31 D:\\Zip_files\\proj_123\\proj_user.profile_Change\\vendor\\laravel\\framework\\src\\Illuminate\\Container\\BoundMethod.php(36): Illuminate\\Database\\Console\\Migrations\\FreshCommand->handle()
#32 D:\\Zip_files\\proj_123\\proj_user.profile_Change\\vendor\\laravel\\framework\\src\\Illuminate\\Container\\Util.php(43): Illuminate\\Container\\BoundMethod::{closure:Illuminate\\Container\\BoundMethod::call():35}()
#33 D:\\Zip_files\\proj_123\\proj_user.profile_Change\\vendor\\laravel\\framework\\src\\Illuminate\\Container\\BoundMethod.php(96): Illuminate\\Container\\Util::unwrapIfClosure(Object(Closure))
#34 D:\\Zip_files\\proj_123\\proj_user.profile_Change\\vendor\\laravel\\framework\\src\\Illuminate\\Container\\BoundMethod.php(35): Illuminate\\Container\\BoundMethod::callBoundMethod(Object(Illuminate\\Foundation\\Application), Array, Object(Closure))
#35 D:\\Zip_files\\proj_123\\proj_user.profile_Change\\vendor\\laravel\\framework\\src\\Illuminate\\Container\\Container.php(780): Illuminate\\Container\\BoundMethod::call(Object(Illuminate\\Foundation\\Application), Array, Array, NULL)
#36 D:\\Zip_files\\proj_123\\proj_user.profile_Change\\vendor\\laravel\\framework\\src\\Illuminate\\Console\\Command.php(211): Illuminate\\Container\\Container->call(Array)
#37 D:\\Zip_files\\proj_123\\proj_user.profile_Change\\vendor\\symfony\\console\\Command\\Command.php(318): Illuminate\\Console\\Command->execute(Object(Symfony\\Component\\Console\\Input\\ArgvInput), Object(Illuminate\\Console\\OutputStyle))
#38 D:\\Zip_files\\proj_123\\proj_user.profile_Change\\vendor\\laravel\\framework\\src\\Illuminate\\Console\\Command.php(180): Symfony\\Component\\Console\\Command\\Command->run(Object(Symfony\\Component\\Console\\Input\\ArgvInput), Object(Illuminate\\Console\\OutputStyle))
#39 D:\\Zip_files\\proj_123\\proj_user.profile_Change\\vendor\\symfony\\console\\Application.php(1092): Illuminate\\Console\\Command->run(Object(Symfony\\Component\\Console\\Input\\ArgvInput), Object(Symfony\\Component\\Console\\Output\\ConsoleOutput))
#40 D:\\Zip_files\\proj_123\\proj_user.profile_Change\\vendor\\symfony\\console\\Application.php(341): Symfony\\Component\\Console\\Application->doRunCommand(Object(Illuminate\\Database\\Console\\Migrations\\FreshCommand), Object(Symfony\\Component\\Console\\Input\\ArgvInput), Object(Symfony\\Component\\Console\\Output\\ConsoleOutput))
#41 D:\\Zip_files\\proj_123\\proj_user.profile_Change\\vendor\\symfony\\console\\Application.php(192): Symfony\\Component\\Console\\Application->doRun(Object(Symfony\\Component\\Console\\Input\\ArgvInput), Object(Symfony\\Component\\Console\\Output\\ConsoleOutput))
#42 D:\\Zip_files\\proj_123\\proj_user.profile_Change\\vendor\\laravel\\framework\\src\\Illuminate\\Foundation\\Console\\Kernel.php(197): Symfony\\Component\\Console\\Application->run(Object(Symfony\\Component\\Console\\Input\\ArgvInput), Object(Symfony\\Component\\Console\\Output\\ConsoleOutput))
#43 D:\\Zip_files\\proj_123\\proj_user.profile_Change\\vendor\\laravel\\framework\\src\\Illuminate\\Foundation\\Application.php(1234): Illuminate\\Foundation\\Console\\Kernel->handle(Object(Symfony\\Component\\Console\\Input\\ArgvInput), Object(Symfony\\Component\\Console\\Output\\ConsoleOutput))
#44 D:\\Zip_files\\proj_123\\proj_user.profile_Change\\artisan(16): Illuminate\\Foundation\\Application->handleCommand(Object(Symfony\\Component\\Console\\Input\\ArgvInput))
#45 {main}

[previous exception] [object] (PDOException(code: 42S21): SQLSTATE[42S21]: Column already exists: 1060 Duplicate column name 'media_path' at D:\\Zip_files\\proj_123\\proj_user.profile_Change\\vendor\\laravel\\framework\\src\\Illuminate\\Database\\Connection.php:570)
[stacktrace]
#0 D:\\Zip_files\\proj_123\\proj_user.profile_Change\\vendor\\laravel\\framework\\src\\Illuminate\\Database\\Connection.php(570): PDOStatement->execute()
#1 D:\\Zip_files\\proj_123\\proj_user.profile_Change\\vendor\\laravel\\framework\\src\\Illuminate\\Database\\Connection.php(811): Illuminate\\Database\\Connection->{closure:Illuminate\\Database\\Connection::statement():559}('alter table `po...', Array)
#2 D:\\Zip_files\\proj_123\\proj_user.profile_Change\\vendor\\laravel\\framework\\src\\Illuminate\\Database\\Connection.php(778): Illuminate\\Database\\Connection->runQueryCallback('alter table `po...', Array, Object(Closure))
#3 D:\\Zip_files\\proj_123\\proj_user.profile_Change\\vendor\\laravel\\framework\\src\\Illuminate\\Database\\Connection.php(559): Illuminate\\Database\\Connection->run('alter table `po...', Array, Object(Closure))
#4 D:\\Zip_files\\proj_123\\proj_user.profile_Change\\vendor\\laravel\\framework\\src\\Illuminate\\Database\\Schema\\Blueprint.php(119): Illuminate\\Database\\Connection->statement('alter table `po...')
#5 D:\\Zip_files\\proj_123\\proj_user.profile_Change\\vendor\\laravel\\framework\\src\\Illuminate\\Database\\Schema\\Builder.php(618): Illuminate\\Database\\Schema\\Blueprint->build()
#6 D:\\Zip_files\\proj_123\\proj_user.profile_Change\\vendor\\laravel\\framework\\src\\Illuminate\\Database\\Schema\\Builder.php(460): Illuminate\\Database\\Schema\\Builder->build(Object(Illuminate\\Database\\Schema\\Blueprint))
#7 D:\\Zip_files\\proj_123\\proj_user.profile_Change\\vendor\\laravel\\framework\\src\\Illuminate\\Support\\Facades\\Facade.php(361): Illuminate\\Database\\Schema\\Builder->table('posts', Object(Closure))
#8 D:\\Zip_files\\proj_123\\proj_user.profile_Change\\database\\migrations\\2025_08_07_103110_add_media_path_to_posts_table.php(14): Illuminate\\Support\\Facades\\Facade::__callStatic('table', Array)
#9 D:\\Zip_files\\proj_123\\proj_user.profile_Change\\vendor\\laravel\\framework\\src\\Illuminate\\Database\\Migrations\\Migrator.php(514): Illuminate\\Database\\Migrations\\Migration@anonymous->up()
#10 D:\\Zip_files\\proj_123\\proj_user.profile_Change\\vendor\\laravel\\framework\\src\\Illuminate\\Database\\Migrations\\Migrator.php(439): Illuminate\\Database\\Migrations\\Migrator->runMethod(Object(Illuminate\\Database\\MySqlConnection), Object(Illuminate\\Database\\Migrations\\Migration@anonymous), 'up')
#11 D:\\Zip_files\\proj_123\\proj_user.profile_Change\\vendor\\laravel\\framework\\src\\Illuminate\\Database\\Migrations\\Migrator.php(448): Illuminate\\Database\\Migrations\\Migrator->{closure:Illuminate\\Database\\Migrations\\Migrator::runMigration():435}()
#12 D:\\Zip_files\\proj_123\\proj_user.profile_Change\\vendor\\laravel\\framework\\src\\Illuminate\\Database\\Migrations\\Migrator.php(250): Illuminate\\Database\\Migrations\\Migrator->runMigration(Object(Illuminate\\Database\\Migrations\\Migration@anonymous), 'up')
#13 D:\\Zip_files\\proj_123\\proj_user.profile_Change\\vendor\\laravel\\framework\\src\\Illuminate\\Console\\View\\Components\\Task.php(41): Illuminate\\Database\\Migrations\\Migrator->{closure:Illuminate\\Database\\Migrations\\Migrator::runUp():250}()
#14 D:\\Zip_files\\proj_123\\proj_user.profile_Change\\vendor\\laravel\\framework\\src\\Illuminate\\Database\\Migrations\\Migrator.php(809): Illuminate\\Console\\View\\Components\\Task->render('2025_08_07_1031...', Object(Closure))
#15 D:\\Zip_files\\proj_123\\proj_user.profile_Change\\vendor\\laravel\\framework\\src\\Illuminate\\Database\\Migrations\\Migrator.php(250): Illuminate\\Database\\Migrations\\Migrator->write('Illuminate\\\\Cons...', '2025_08_07_1031...', Object(Closure))
#16 D:\\Zip_files\\proj_123\\proj_user.profile_Change\\vendor\\laravel\\framework\\src\\Illuminate\\Database\\Migrations\\Migrator.php(210): Illuminate\\Database\\Migrations\\Migrator->runUp('D:\\\\Zip_files\\\\pr...', 1, false)
#17 D:\\Zip_files\\proj_123\\proj_user.profile_Change\\vendor\\laravel\\framework\\src\\Illuminate\\Database\\Migrations\\Migrator.php(137): Illuminate\\Database\\Migrations\\Migrator->runPending(Array, Array)
#18 D:\\Zip_files\\proj_123\\proj_user.profile_Change\\vendor\\laravel\\framework\\src\\Illuminate\\Database\\Console\\Migrations\\MigrateCommand.php(116): Illuminate\\Database\\Migrations\\Migrator->run(Array, Array)
#19 D:\\Zip_files\\proj_123\\proj_user.profile_Change\\vendor\\laravel\\framework\\src\\Illuminate\\Database\\Migrations\\Migrator.php(666): Illuminate\\Database\\Console\\Migrations\\MigrateCommand->{closure:Illuminate\\Database\\Console\\Migrations\\MigrateCommand::runMigrations():109}()
#20 D:\\Zip_files\\proj_123\\proj_user.profile_Change\\vendor\\laravel\\framework\\src\\Illuminate\\Database\\Console\\Migrations\\MigrateCommand.php(109): Illuminate\\Database\\Migrations\\Migrator->usingConnection(NULL, Object(Closure))
#21 D:\\Zip_files\\proj_123\\proj_user.profile_Change\\vendor\\laravel\\framework\\src\\Illuminate\\Database\\Console\\Migrations\\MigrateCommand.php(88): Illuminate\\Database\\Console\\Migrations\\MigrateCommand->runMigrations()
#22 D:\\Zip_files\\proj_123\\proj_user.profile_Change\\vendor\\laravel\\framework\\src\\Illuminate\\Container\\BoundMethod.php(36): Illuminate\\Database\\Console\\Migrations\\MigrateCommand->handle()
#23 D:\\Zip_files\\proj_123\\proj_user.profile_Change\\vendor\\laravel\\framework\\src\\Illuminate\\Container\\Util.php(43): Illuminate\\Container\\BoundMethod::{closure:Illuminate\\Container\\BoundMethod::call():35}()
#24 D:\\Zip_files\\proj_123\\proj_user.profile_Change\\vendor\\laravel\\framework\\src\\Illuminate\\Container\\BoundMethod.php(96): Illuminate\\Container\\Util::unwrapIfClosure(Object(Closure))
#25 D:\\Zip_files\\proj_123\\proj_user.profile_Change\\vendor\\laravel\\framework\\src\\Illuminate\\Container\\BoundMethod.php(35): Illuminate\\Container\\BoundMethod::callBoundMethod(Object(Illuminate\\Foundation\\Application), Array, Object(Closure))
#26 D:\\Zip_files\\proj_123\\proj_user.profile_Change\\vendor\\laravel\\framework\\src\\Illuminate\\Container\\Container.php(780): Illuminate\\Container\\BoundMethod::call(Object(Illuminate\\Foundation\\Application), Array, Array, NULL)
#27 D:\\Zip_files\\proj_123\\proj_user.profile_Change\\vendor\\laravel\\framework\\src\\Illuminate\\Console\\Command.php(211): Illuminate\\Container\\Container->call(Array)
#28 D:\\Zip_files\\proj_123\\proj_user.profile_Change\\vendor\\symfony\\console\\Command\\Command.php(318): Illuminate\\Console\\Command->execute(Object(Symfony\\Component\\Console\\Input\\ArrayInput), Object(Illuminate\\Console\\OutputStyle))
#29 D:\\Zip_files\\proj_123\\proj_user.profile_Change\\vendor\\laravel\\framework\\src\\Illuminate\\Console\\Command.php(180): Symfony\\Component\\Console\\Command\\Command->run(Object(Symfony\\Component\\Console\\Input\\ArrayInput), Object(Illuminate\\Console\\OutputStyle))
#30 D:\\Zip_files\\proj_123\\proj_user.profile_Change\\vendor\\laravel\\framework\\src\\Illuminate\\Console\\Concerns\\CallsCommands.php(68): Illuminate\\Console\\Command->run(Object(Symfony\\Component\\Console\\Input\\ArrayInput), Object(Illuminate\\Console\\OutputStyle))
#31 D:\\Zip_files\\proj_123\\proj_user.profile_Change\\vendor\\laravel\\framework\\src\\Illuminate\\Console\\Concerns\\CallsCommands.php(29): Illuminate\\Console\\Command->runCommand('migrate', Array, Object(Illuminate\\Console\\OutputStyle))
#32 D:\\Zip_files\\proj_123\\proj_user.profile_Change\\vendor\\laravel\\framework\\src\\Illuminate\\Database\\Console\\Migrations\\FreshCommand.php(81): Illuminate\\Console\\Command->call('migrate', Array)
#33 D:\\Zip_files\\proj_123\\proj_user.profile_Change\\vendor\\laravel\\framework\\src\\Illuminate\\Container\\BoundMethod.php(36): Illuminate\\Database\\Console\\Migrations\\FreshCommand->handle()
#34 D:\\Zip_files\\proj_123\\proj_user.profile_Change\\vendor\\laravel\\framework\\src\\Illuminate\\Container\\Util.php(43): Illuminate\\Container\\BoundMethod::{closure:Illuminate\\Container\\BoundMethod::call():35}()
#35 D:\\Zip_files\\proj_123\\proj_user.profile_Change\\vendor\\laravel\\framework\\src\\Illuminate\\Container\\BoundMethod.php(96): Illuminate\\Container\\Util::unwrapIfClosure(Object(Closure))
#36 D:\\Zip_files\\proj_123\\proj_user.profile_Change\\vendor\\laravel\\framework\\src\\Illuminate\\Container\\BoundMethod.php(35): Illuminate\\Container\\BoundMethod::callBoundMethod(Object(Illuminate\\Foundation\\Application), Array, Object(Closure))
#37 D:\\Zip_files\\proj_123\\proj_user.profile_Change\\vendor\\laravel\\framework\\src\\Illuminate\\Container\\Container.php(780): Illuminate\\Container\\BoundMethod::call(Object(Illuminate\\Foundation\\Application), Array, Array, NULL)
#38 D:\\Zip_files\\proj_123\\proj_user.profile_Change\\vendor\\laravel\\framework\\src\\Illuminate\\Console\\Command.php(211): Illuminate\\Container\\Container->call(Array)
#39 D:\\Zip_files\\proj_123\\proj_user.profile_Change\\vendor\\symfony\\console\\Command\\Command.php(318): Illuminate\\Console\\Command->execute(Object(Symfony\\Component\\Console\\Input\\ArgvInput), Object(Illuminate\\Console\\OutputStyle))
#40 D:\\Zip_files\\proj_123\\proj_user.profile_Change\\vendor\\laravel\\framework\\src\\Illuminate\\Console\\Command.php(180): Symfony\\Component\\Console\\Command\\Command->run(Object(Symfony\\Component\\Console\\Input\\ArgvInput), Object(Illuminate\\Console\\OutputStyle))
#41 D:\\Zip_files\\proj_123\\proj_user.profile_Change\\vendor\\symfony\\console\\Application.php(1092): Illuminate\\Console\\Command->run(Object(Symfony\\Component\\Console\\Input\\ArgvInput), Object(Symfony\\Component\\Console\\Output\\ConsoleOutput))
#42 D:\\Zip_files\\proj_123\\proj_user.profile_Change\\vendor\\symfony\\console\\Application.php(341): Symfony\\Component\\Console\\Application->doRunCommand(Object(Illuminate\\Database\\Console\\Migrations\\FreshCommand), Object(Symfony\\Component\\Console\\Input\\ArgvInput), Object(Symfony\\Component\\Console\\Output\\ConsoleOutput))
#43 D:\\Zip_files\\proj_123\\proj_user.profile_Change\\vendor\\symfony\\console\\Application.php(192): Symfony\\Component\\Console\\Application->doRun(Object(Symfony\\Component\\Console\\Input\\ArgvInput), Object(Symfony\\Component\\Console\\Output\\ConsoleOutput))
#44 D:\\Zip_files\\proj_123\\proj_user.profile_Change\\vendor\\laravel\\framework\\src\\Illuminate\\Foundation\\Console\\Kernel.php(197): Symfony\\Component\\Console\\Application->run(Object(Symfony\\Component\\Console\\Input\\ArgvInput), Object(Symfony\\Component\\Console\\Output\\ConsoleOutput))
#45 D:\\Zip_files\\proj_123\\proj_user.profile_Change\\vendor\\laravel\\framework\\src\\Illuminate\\Foundation\\Application.php(1234): Illuminate\\Foundation\\Console\\Kernel->handle(Object(Symfony\\Component\\Console\\Input\\ArgvInput), Object(Symfony\\Component\\Console\\Output\\ConsoleOutput))
#46 D:\\Zip_files\\proj_123\\proj_user.profile_Change\\artisan(16): Illuminate\\Foundation\\Application->handleCommand(Object(Symfony\\Component\\Console\\Input\\ArgvInput))
#47 {main}
"} 
[2025-08-07 15:43:56] local.ERROR: SQLSTATE[42S21]: Column already exists: 1060 Duplicate column name 'media_path' (Connection: mysql, SQL: alter table `posts` add `media_path` varchar(191) null after `content`) {"exception":"[object] (Illuminate\\Database\\QueryException(code: 42S21): SQLSTATE[42S21]: Column already exists: 1060 Duplicate column name 'media_path' (Connection: mysql, SQL: alter table `posts` add `media_path` varchar(191) null after `content`) at D:\\Zip_files\\proj_123\\proj_user.profile_Change\\vendor\\laravel\\framework\\src\\Illuminate\\Database\\Connection.php:824)
[stacktrace]
#0 D:\\Zip_files\\proj_123\\proj_user.profile_Change\\vendor\\laravel\\framework\\src\\Illuminate\\Database\\Connection.php(778): Illuminate\\Database\\Connection->runQueryCallback('alter table `po...', Array, Object(Closure))
#1 D:\\Zip_files\\proj_123\\proj_user.profile_Change\\vendor\\laravel\\framework\\src\\Illuminate\\Database\\Connection.php(559): Illuminate\\Database\\Connection->run('alter table `po...', Array, Object(Closure))
#2 D:\\Zip_files\\proj_123\\proj_user.profile_Change\\vendor\\laravel\\framework\\src\\Illuminate\\Database\\Schema\\Blueprint.php(119): Illuminate\\Database\\Connection->statement('alter table `po...')
#3 D:\\Zip_files\\proj_123\\proj_user.profile_Change\\vendor\\laravel\\framework\\src\\Illuminate\\Database\\Schema\\Builder.php(618): Illuminate\\Database\\Schema\\Blueprint->build()
#4 D:\\Zip_files\\proj_123\\proj_user.profile_Change\\vendor\\laravel\\framework\\src\\Illuminate\\Database\\Schema\\Builder.php(460): Illuminate\\Database\\Schema\\Builder->build(Object(Illuminate\\Database\\Schema\\Blueprint))
#5 D:\\Zip_files\\proj_123\\proj_user.profile_Change\\vendor\\laravel\\framework\\src\\Illuminate\\Support\\Facades\\Facade.php(361): Illuminate\\Database\\Schema\\Builder->table('posts', Object(Closure))
#6 D:\\Zip_files\\proj_123\\proj_user.profile_Change\\database\\migrations\\2025_08_07_103110_add_media_path_to_posts_table.php(14): Illuminate\\Support\\Facades\\Facade::__callStatic('table', Array)
#7 D:\\Zip_files\\proj_123\\proj_user.profile_Change\\vendor\\laravel\\framework\\src\\Illuminate\\Database\\Migrations\\Migrator.php(514): Illuminate\\Database\\Migrations\\Migration@anonymous->up()
#8 D:\\Zip_files\\proj_123\\proj_user.profile_Change\\vendor\\laravel\\framework\\src\\Illuminate\\Database\\Migrations\\Migrator.php(439): Illuminate\\Database\\Migrations\\Migrator->runMethod(Object(Illuminate\\Database\\MySqlConnection), Object(Illuminate\\Database\\Migrations\\Migration@anonymous), 'up')
#9 D:\\Zip_files\\proj_123\\proj_user.profile_Change\\vendor\\laravel\\framework\\src\\Illuminate\\Database\\Migrations\\Migrator.php(448): Illuminate\\Database\\Migrations\\Migrator->{closure:Illuminate\\Database\\Migrations\\Migrator::runMigration():435}()
#10 D:\\Zip_files\\proj_123\\proj_user.profile_Change\\vendor\\laravel\\framework\\src\\Illuminate\\Database\\Migrations\\Migrator.php(250): Illuminate\\Database\\Migrations\\Migrator->runMigration(Object(Illuminate\\Database\\Migrations\\Migration@anonymous), 'up')
#11 D:\\Zip_files\\proj_123\\proj_user.profile_Change\\vendor\\laravel\\framework\\src\\Illuminate\\Console\\View\\Components\\Task.php(41): Illuminate\\Database\\Migrations\\Migrator->{closure:Illuminate\\Database\\Migrations\\Migrator::runUp():250}()
#12 D:\\Zip_files\\proj_123\\proj_user.profile_Change\\vendor\\laravel\\framework\\src\\Illuminate\\Database\\Migrations\\Migrator.php(809): Illuminate\\Console\\View\\Components\\Task->render('2025_08_07_1031...', Object(Closure))
#13 D:\\Zip_files\\proj_123\\proj_user.profile_Change\\vendor\\laravel\\framework\\src\\Illuminate\\Database\\Migrations\\Migrator.php(250): Illuminate\\Database\\Migrations\\Migrator->write('Illuminate\\\\Cons...', '2025_08_07_1031...', Object(Closure))
#14 D:\\Zip_files\\proj_123\\proj_user.profile_Change\\vendor\\laravel\\framework\\src\\Illuminate\\Database\\Migrations\\Migrator.php(210): Illuminate\\Database\\Migrations\\Migrator->runUp('D:\\\\Zip_files\\\\pr...', 1, false)
#15 D:\\Zip_files\\proj_123\\proj_user.profile_Change\\vendor\\laravel\\framework\\src\\Illuminate\\Database\\Migrations\\Migrator.php(137): Illuminate\\Database\\Migrations\\Migrator->runPending(Array, Array)
#16 D:\\Zip_files\\proj_123\\proj_user.profile_Change\\vendor\\laravel\\framework\\src\\Illuminate\\Database\\Console\\Migrations\\MigrateCommand.php(116): Illuminate\\Database\\Migrations\\Migrator->run(Array, Array)
#17 D:\\Zip_files\\proj_123\\proj_user.profile_Change\\vendor\\laravel\\framework\\src\\Illuminate\\Database\\Migrations\\Migrator.php(666): Illuminate\\Database\\Console\\Migrations\\MigrateCommand->{closure:Illuminate\\Database\\Console\\Migrations\\MigrateCommand::runMigrations():109}()
#18 D:\\Zip_files\\proj_123\\proj_user.profile_Change\\vendor\\laravel\\framework\\src\\Illuminate\\Database\\Console\\Migrations\\MigrateCommand.php(109): Illuminate\\Database\\Migrations\\Migrator->usingConnection(NULL, Object(Closure))
#19 D:\\Zip_files\\proj_123\\proj_user.profile_Change\\vendor\\laravel\\framework\\src\\Illuminate\\Database\\Console\\Migrations\\MigrateCommand.php(88): Illuminate\\Database\\Console\\Migrations\\MigrateCommand->runMigrations()
#20 D:\\Zip_files\\proj_123\\proj_user.profile_Change\\vendor\\laravel\\framework\\src\\Illuminate\\Container\\BoundMethod.php(36): Illuminate\\Database\\Console\\Migrations\\MigrateCommand->handle()
#21 D:\\Zip_files\\proj_123\\proj_user.profile_Change\\vendor\\laravel\\framework\\src\\Illuminate\\Container\\Util.php(43): Illuminate\\Container\\BoundMethod::{closure:Illuminate\\Container\\BoundMethod::call():35}()
#22 D:\\Zip_files\\proj_123\\proj_user.profile_Change\\vendor\\laravel\\framework\\src\\Illuminate\\Container\\BoundMethod.php(96): Illuminate\\Container\\Util::unwrapIfClosure(Object(Closure))
#23 D:\\Zip_files\\proj_123\\proj_user.profile_Change\\vendor\\laravel\\framework\\src\\Illuminate\\Container\\BoundMethod.php(35): Illuminate\\Container\\BoundMethod::callBoundMethod(Object(Illuminate\\Foundation\\Application), Array, Object(Closure))
#24 D:\\Zip_files\\proj_123\\proj_user.profile_Change\\vendor\\laravel\\framework\\src\\Illuminate\\Container\\Container.php(780): Illuminate\\Container\\BoundMethod::call(Object(Illuminate\\Foundation\\Application), Array, Array, NULL)
#25 D:\\Zip_files\\proj_123\\proj_user.profile_Change\\vendor\\laravel\\framework\\src\\Illuminate\\Console\\Command.php(211): Illuminate\\Container\\Container->call(Array)
#26 D:\\Zip_files\\proj_123\\proj_user.profile_Change\\vendor\\symfony\\console\\Command\\Command.php(318): Illuminate\\Console\\Command->execute(Object(Symfony\\Component\\Console\\Input\\ArrayInput), Object(Illuminate\\Console\\OutputStyle))
#27 D:\\Zip_files\\proj_123\\proj_user.profile_Change\\vendor\\laravel\\framework\\src\\Illuminate\\Console\\Command.php(180): Symfony\\Component\\Console\\Command\\Command->run(Object(Symfony\\Component\\Console\\Input\\ArrayInput), Object(Illuminate\\Console\\OutputStyle))
#28 D:\\Zip_files\\proj_123\\proj_user.profile_Change\\vendor\\laravel\\framework\\src\\Illuminate\\Console\\Concerns\\CallsCommands.php(68): Illuminate\\Console\\Command->run(Object(Symfony\\Component\\Console\\Input\\ArrayInput), Object(Illuminate\\Console\\OutputStyle))
#29 D:\\Zip_files\\proj_123\\proj_user.profile_Change\\vendor\\laravel\\framework\\src\\Illuminate\\Console\\Concerns\\CallsCommands.php(29): Illuminate\\Console\\Command->runCommand('migrate', Array, Object(Illuminate\\Console\\OutputStyle))
#30 D:\\Zip_files\\proj_123\\proj_user.profile_Change\\vendor\\laravel\\framework\\src\\Illuminate\\Database\\Console\\Migrations\\FreshCommand.php(81): Illuminate\\Console\\Command->call('migrate', Array)
#31 D:\\Zip_files\\proj_123\\proj_user.profile_Change\\vendor\\laravel\\framework\\src\\Illuminate\\Container\\BoundMethod.php(36): Illuminate\\Database\\Console\\Migrations\\FreshCommand->handle()
#32 D:\\Zip_files\\proj_123\\proj_user.profile_Change\\vendor\\laravel\\framework\\src\\Illuminate\\Container\\Util.php(43): Illuminate\\Container\\BoundMethod::{closure:Illuminate\\Container\\BoundMethod::call():35}()
#33 D:\\Zip_files\\proj_123\\proj_user.profile_Change\\vendor\\laravel\\framework\\src\\Illuminate\\Container\\BoundMethod.php(96): Illuminate\\Container\\Util::unwrapIfClosure(Object(Closure))
#34 D:\\Zip_files\\proj_123\\proj_user.profile_Change\\vendor\\laravel\\framework\\src\\Illuminate\\Container\\BoundMethod.php(35): Illuminate\\Container\\BoundMethod::callBoundMethod(Object(Illuminate\\Foundation\\Application), Array, Object(Closure))
#35 D:\\Zip_files\\proj_123\\proj_user.profile_Change\\vendor\\laravel\\framework\\src\\Illuminate\\Container\\Container.php(780): Illuminate\\Container\\BoundMethod::call(Object(Illuminate\\Foundation\\Application), Array, Array, NULL)
#36 D:\\Zip_files\\proj_123\\proj_user.profile_Change\\vendor\\laravel\\framework\\src\\Illuminate\\Console\\Command.php(211): Illuminate\\Container\\Container->call(Array)
#37 D:\\Zip_files\\proj_123\\proj_user.profile_Change\\vendor\\symfony\\console\\Command\\Command.php(318): Illuminate\\Console\\Command->execute(Object(Symfony\\Component\\Console\\Input\\ArgvInput), Object(Illuminate\\Console\\OutputStyle))
#38 D:\\Zip_files\\proj_123\\proj_user.profile_Change\\vendor\\laravel\\framework\\src\\Illuminate\\Console\\Command.php(180): Symfony\\Component\\Console\\Command\\Command->run(Object(Symfony\\Component\\Console\\Input\\ArgvInput), Object(Illuminate\\Console\\OutputStyle))
#39 D:\\Zip_files\\proj_123\\proj_user.profile_Change\\vendor\\symfony\\console\\Application.php(1092): Illuminate\\Console\\Command->run(Object(Symfony\\Component\\Console\\Input\\ArgvInput), Object(Symfony\\Component\\Console\\Output\\ConsoleOutput))
#40 D:\\Zip_files\\proj_123\\proj_user.profile_Change\\vendor\\symfony\\console\\Application.php(341): Symfony\\Component\\Console\\Application->doRunCommand(Object(Illuminate\\Database\\Console\\Migrations\\FreshCommand), Object(Symfony\\Component\\Console\\Input\\ArgvInput), Object(Symfony\\Component\\Console\\Output\\ConsoleOutput))
#41 D:\\Zip_files\\proj_123\\proj_user.profile_Change\\vendor\\symfony\\console\\Application.php(192): Symfony\\Component\\Console\\Application->doRun(Object(Symfony\\Component\\Console\\Input\\ArgvInput), Object(Symfony\\Component\\Console\\Output\\ConsoleOutput))
#42 D:\\Zip_files\\proj_123\\proj_user.profile_Change\\vendor\\laravel\\framework\\src\\Illuminate\\Foundation\\Console\\Kernel.php(197): Symfony\\Component\\Console\\Application->run(Object(Symfony\\Component\\Console\\Input\\ArgvInput), Object(Symfony\\Component\\Console\\Output\\ConsoleOutput))
#43 D:\\Zip_files\\proj_123\\proj_user.profile_Change\\vendor\\laravel\\framework\\src\\Illuminate\\Foundation\\Application.php(1234): Illuminate\\Foundation\\Console\\Kernel->handle(Object(Symfony\\Component\\Console\\Input\\ArgvInput), Object(Symfony\\Component\\Console\\Output\\ConsoleOutput))
#44 D:\\Zip_files\\proj_123\\proj_user.profile_Change\\artisan(16): Illuminate\\Foundation\\Application->handleCommand(Object(Symfony\\Component\\Console\\Input\\ArgvInput))
#45 {main}

[previous exception] [object] (PDOException(code: 42S21): SQLSTATE[42S21]: Column already exists: 1060 Duplicate column name 'media_path' at D:\\Zip_files\\proj_123\\proj_user.profile_Change\\vendor\\laravel\\framework\\src\\Illuminate\\Database\\Connection.php:570)
[stacktrace]
#0 D:\\Zip_files\\proj_123\\proj_user.profile_Change\\vendor\\laravel\\framework\\src\\Illuminate\\Database\\Connection.php(570): PDOStatement->execute()
#1 D:\\Zip_files\\proj_123\\proj_user.profile_Change\\vendor\\laravel\\framework\\src\\Illuminate\\Database\\Connection.php(811): Illuminate\\Database\\Connection->{closure:Illuminate\\Database\\Connection::statement():559}('alter table `po...', Array)
#2 D:\\Zip_files\\proj_123\\proj_user.profile_Change\\vendor\\laravel\\framework\\src\\Illuminate\\Database\\Connection.php(778): Illuminate\\Database\\Connection->runQueryCallback('alter table `po...', Array, Object(Closure))
#3 D:\\Zip_files\\proj_123\\proj_user.profile_Change\\vendor\\laravel\\framework\\src\\Illuminate\\Database\\Connection.php(559): Illuminate\\Database\\Connection->run('alter table `po...', Array, Object(Closure))
#4 D:\\Zip_files\\proj_123\\proj_user.profile_Change\\vendor\\laravel\\framework\\src\\Illuminate\\Database\\Schema\\Blueprint.php(119): Illuminate\\Database\\Connection->statement('alter table `po...')
#5 D:\\Zip_files\\proj_123\\proj_user.profile_Change\\vendor\\laravel\\framework\\src\\Illuminate\\Database\\Schema\\Builder.php(618): Illuminate\\Database\\Schema\\Blueprint->build()
#6 D:\\Zip_files\\proj_123\\proj_user.profile_Change\\vendor\\laravel\\framework\\src\\Illuminate\\Database\\Schema\\Builder.php(460): Illuminate\\Database\\Schema\\Builder->build(Object(Illuminate\\Database\\Schema\\Blueprint))
#7 D:\\Zip_files\\proj_123\\proj_user.profile_Change\\vendor\\laravel\\framework\\src\\Illuminate\\Support\\Facades\\Facade.php(361): Illuminate\\Database\\Schema\\Builder->table('posts', Object(Closure))
#8 D:\\Zip_files\\proj_123\\proj_user.profile_Change\\database\\migrations\\2025_08_07_103110_add_media_path_to_posts_table.php(14): Illuminate\\Support\\Facades\\Facade::__callStatic('table', Array)
#9 D:\\Zip_files\\proj_123\\proj_user.profile_Change\\vendor\\laravel\\framework\\src\\Illuminate\\Database\\Migrations\\Migrator.php(514): Illuminate\\Database\\Migrations\\Migration@anonymous->up()
#10 D:\\Zip_files\\proj_123\\proj_user.profile_Change\\vendor\\laravel\\framework\\src\\Illuminate\\Database\\Migrations\\Migrator.php(439): Illuminate\\Database\\Migrations\\Migrator->runMethod(Object(Illuminate\\Database\\MySqlConnection), Object(Illuminate\\Database\\Migrations\\Migration@anonymous), 'up')
#11 D:\\Zip_files\\proj_123\\proj_user.profile_Change\\vendor\\laravel\\framework\\src\\Illuminate\\Database\\Migrations\\Migrator.php(448): Illuminate\\Database\\Migrations\\Migrator->{closure:Illuminate\\Database\\Migrations\\Migrator::runMigration():435}()
#12 D:\\Zip_files\\proj_123\\proj_user.profile_Change\\vendor\\laravel\\framework\\src\\Illuminate\\Database\\Migrations\\Migrator.php(250): Illuminate\\Database\\Migrations\\Migrator->runMigration(Object(Illuminate\\Database\\Migrations\\Migration@anonymous), 'up')
#13 D:\\Zip_files\\proj_123\\proj_user.profile_Change\\vendor\\laravel\\framework\\src\\Illuminate\\Console\\View\\Components\\Task.php(41): Illuminate\\Database\\Migrations\\Migrator->{closure:Illuminate\\Database\\Migrations\\Migrator::runUp():250}()
#14 D:\\Zip_files\\proj_123\\proj_user.profile_Change\\vendor\\laravel\\framework\\src\\Illuminate\\Database\\Migrations\\Migrator.php(809): Illuminate\\Console\\View\\Components\\Task->render('2025_08_07_1031...', Object(Closure))
#15 D:\\Zip_files\\proj_123\\proj_user.profile_Change\\vendor\\laravel\\framework\\src\\Illuminate\\Database\\Migrations\\Migrator.php(250): Illuminate\\Database\\Migrations\\Migrator->write('Illuminate\\\\Cons...', '2025_08_07_1031...', Object(Closure))
#16 D:\\Zip_files\\proj_123\\proj_user.profile_Change\\vendor\\laravel\\framework\\src\\Illuminate\\Database\\Migrations\\Migrator.php(210): Illuminate\\Database\\Migrations\\Migrator->runUp('D:\\\\Zip_files\\\\pr...', 1, false)
#17 D:\\Zip_files\\proj_123\\proj_user.profile_Change\\vendor\\laravel\\framework\\src\\Illuminate\\Database\\Migrations\\Migrator.php(137): Illuminate\\Database\\Migrations\\Migrator->runPending(Array, Array)
#18 D:\\Zip_files\\proj_123\\proj_user.profile_Change\\vendor\\laravel\\framework\\src\\Illuminate\\Database\\Console\\Migrations\\MigrateCommand.php(116): Illuminate\\Database\\Migrations\\Migrator->run(Array, Array)
#19 D:\\Zip_files\\proj_123\\proj_user.profile_Change\\vendor\\laravel\\framework\\src\\Illuminate\\Database\\Migrations\\Migrator.php(666): Illuminate\\Database\\Console\\Migrations\\MigrateCommand->{closure:Illuminate\\Database\\Console\\Migrations\\MigrateCommand::runMigrations():109}()
#20 D:\\Zip_files\\proj_123\\proj_user.profile_Change\\vendor\\laravel\\framework\\src\\Illuminate\\Database\\Console\\Migrations\\MigrateCommand.php(109): Illuminate\\Database\\Migrations\\Migrator->usingConnection(NULL, Object(Closure))
#21 D:\\Zip_files\\proj_123\\proj_user.profile_Change\\vendor\\laravel\\framework\\src\\Illuminate\\Database\\Console\\Migrations\\MigrateCommand.php(88): Illuminate\\Database\\Console\\Migrations\\MigrateCommand->runMigrations()
#22 D:\\Zip_files\\proj_123\\proj_user.profile_Change\\vendor\\laravel\\framework\\src\\Illuminate\\Container\\BoundMethod.php(36): Illuminate\\Database\\Console\\Migrations\\MigrateCommand->handle()
#23 D:\\Zip_files\\proj_123\\proj_user.profile_Change\\vendor\\laravel\\framework\\src\\Illuminate\\Container\\Util.php(43): Illuminate\\Container\\BoundMethod::{closure:Illuminate\\Container\\BoundMethod::call():35}()
#24 D:\\Zip_files\\proj_123\\proj_user.profile_Change\\vendor\\laravel\\framework\\src\\Illuminate\\Container\\BoundMethod.php(96): Illuminate\\Container\\Util::unwrapIfClosure(Object(Closure))
#25 D:\\Zip_files\\proj_123\\proj_user.profile_Change\\vendor\\laravel\\framework\\src\\Illuminate\\Container\\BoundMethod.php(35): Illuminate\\Container\\BoundMethod::callBoundMethod(Object(Illuminate\\Foundation\\Application), Array, Object(Closure))
#26 D:\\Zip_files\\proj_123\\proj_user.profile_Change\\vendor\\laravel\\framework\\src\\Illuminate\\Container\\Container.php(780): Illuminate\\Container\\BoundMethod::call(Object(Illuminate\\Foundation\\Application), Array, Array, NULL)
#27 D:\\Zip_files\\proj_123\\proj_user.profile_Change\\vendor\\laravel\\framework\\src\\Illuminate\\Console\\Command.php(211): Illuminate\\Container\\Container->call(Array)
#28 D:\\Zip_files\\proj_123\\proj_user.profile_Change\\vendor\\symfony\\console\\Command\\Command.php(318): Illuminate\\Console\\Command->execute(Object(Symfony\\Component\\Console\\Input\\ArrayInput), Object(Illuminate\\Console\\OutputStyle))
#29 D:\\Zip_files\\proj_123\\proj_user.profile_Change\\vendor\\laravel\\framework\\src\\Illuminate\\Console\\Command.php(180): Symfony\\Component\\Console\\Command\\Command->run(Object(Symfony\\Component\\Console\\Input\\ArrayInput), Object(Illuminate\\Console\\OutputStyle))
#30 D:\\Zip_files\\proj_123\\proj_user.profile_Change\\vendor\\laravel\\framework\\src\\Illuminate\\Console\\Concerns\\CallsCommands.php(68): Illuminate\\Console\\Command->run(Object(Symfony\\Component\\Console\\Input\\ArrayInput), Object(Illuminate\\Console\\OutputStyle))
#31 D:\\Zip_files\\proj_123\\proj_user.profile_Change\\vendor\\laravel\\framework\\src\\Illuminate\\Console\\Concerns\\CallsCommands.php(29): Illuminate\\Console\\Command->runCommand('migrate', Array, Object(Illuminate\\Console\\OutputStyle))
#32 D:\\Zip_files\\proj_123\\proj_user.profile_Change\\vendor\\laravel\\framework\\src\\Illuminate\\Database\\Console\\Migrations\\FreshCommand.php(81): Illuminate\\Console\\Command->call('migrate', Array)
#33 D:\\Zip_files\\proj_123\\proj_user.profile_Change\\vendor\\laravel\\framework\\src\\Illuminate\\Container\\BoundMethod.php(36): Illuminate\\Database\\Console\\Migrations\\FreshCommand->handle()
#34 D:\\Zip_files\\proj_123\\proj_user.profile_Change\\vendor\\laravel\\framework\\src\\Illuminate\\Container\\Util.php(43): Illuminate\\Container\\BoundMethod::{closure:Illuminate\\Container\\BoundMethod::call():35}()
#35 D:\\Zip_files\\proj_123\\proj_user.profile_Change\\vendor\\laravel\\framework\\src\\Illuminate\\Container\\BoundMethod.php(96): Illuminate\\Container\\Util::unwrapIfClosure(Object(Closure))
#36 D:\\Zip_files\\proj_123\\proj_user.profile_Change\\vendor\\laravel\\framework\\src\\Illuminate\\Container\\BoundMethod.php(35): Illuminate\\Container\\BoundMethod::callBoundMethod(Object(Illuminate\\Foundation\\Application), Array, Object(Closure))
#37 D:\\Zip_files\\proj_123\\proj_user.profile_Change\\vendor\\laravel\\framework\\src\\Illuminate\\Container\\Container.php(780): Illuminate\\Container\\BoundMethod::call(Object(Illuminate\\Foundation\\Application), Array, Array, NULL)
#38 D:\\Zip_files\\proj_123\\proj_user.profile_Change\\vendor\\laravel\\framework\\src\\Illuminate\\Console\\Command.php(211): Illuminate\\Container\\Container->call(Array)
#39 D:\\Zip_files\\proj_123\\proj_user.profile_Change\\vendor\\symfony\\console\\Command\\Command.php(318): Illuminate\\Console\\Command->execute(Object(Symfony\\Component\\Console\\Input\\ArgvInput), Object(Illuminate\\Console\\OutputStyle))
#40 D:\\Zip_files\\proj_123\\proj_user.profile_Change\\vendor\\laravel\\framework\\src\\Illuminate\\Console\\Command.php(180): Symfony\\Component\\Console\\Command\\Command->run(Object(Symfony\\Component\\Console\\Input\\ArgvInput), Object(Illuminate\\Console\\OutputStyle))
#41 D:\\Zip_files\\proj_123\\proj_user.profile_Change\\vendor\\symfony\\console\\Application.php(1092): Illuminate\\Console\\Command->run(Object(Symfony\\Component\\Console\\Input\\ArgvInput), Object(Symfony\\Component\\Console\\Output\\ConsoleOutput))
#42 D:\\Zip_files\\proj_123\\proj_user.profile_Change\\vendor\\symfony\\console\\Application.php(341): Symfony\\Component\\Console\\Application->doRunCommand(Object(Illuminate\\Database\\Console\\Migrations\\FreshCommand), Object(Symfony\\Component\\Console\\Input\\ArgvInput), Object(Symfony\\Component\\Console\\Output\\ConsoleOutput))
#43 D:\\Zip_files\\proj_123\\proj_user.profile_Change\\vendor\\symfony\\console\\Application.php(192): Symfony\\Component\\Console\\Application->doRun(Object(Symfony\\Component\\Console\\Input\\ArgvInput), Object(Symfony\\Component\\Console\\Output\\ConsoleOutput))
#44 D:\\Zip_files\\proj_123\\proj_user.profile_Change\\vendor\\laravel\\framework\\src\\Illuminate\\Foundation\\Console\\Kernel.php(197): Symfony\\Component\\Console\\Application->run(Object(Symfony\\Component\\Console\\Input\\ArgvInput), Object(Symfony\\Component\\Console\\Output\\ConsoleOutput))
#45 D:\\Zip_files\\proj_123\\proj_user.profile_Change\\vendor\\laravel\\framework\\src\\Illuminate\\Foundation\\Application.php(1234): Illuminate\\Foundation\\Console\\Kernel->handle(Object(Symfony\\Component\\Console\\Input\\ArgvInput), Object(Symfony\\Component\\Console\\Output\\ConsoleOutput))
#46 D:\\Zip_files\\proj_123\\proj_user.profile_Change\\artisan(16): Illuminate\\Foundation\\Application->handleCommand(Object(Symfony\\Component\\Console\\Input\\ArgvInput))
#47 {main}
"} 
[2025-08-07 15:45:31] local.ERROR: The "D:\Mi.tasks\proj_user.profile\resources\views" directory does not exist. {"exception":"[object] (Symfony\\Component\\Finder\\Exception\\DirectoryNotFoundException(code: 0): The \"D:\\Mi.tasks\\proj_user.profile\\resources\\views\" directory does not exist. at D:\\Zip_files\\proj_123\\proj_user.profile_Change\\vendor\\symfony\\finder\\Finder.php:646)
[stacktrace]
#0 D:\\Zip_files\\proj_123\\proj_user.profile_Change\\vendor\\laravel\\framework\\src\\Illuminate\\Foundation\\Console\\ViewCacheCommand.php(88): Symfony\\Component\\Finder\\Finder->in(Array)
#1 D:\\Zip_files\\proj_123\\proj_user.profile_Change\\vendor\\laravel\\framework\\src\\Illuminate\\Foundation\\Console\\ViewCacheCommand.php(43): Illuminate\\Foundation\\Console\\ViewCacheCommand->bladeFilesIn(Array)
#2 D:\\Zip_files\\proj_123\\proj_user.profile_Change\\vendor\\laravel\\framework\\src\\Illuminate\\Collections\\Traits\\EnumeratesValues.php(271): Illuminate\\Foundation\\Console\\ViewCacheCommand->{closure:Illuminate\\Foundation\\Console\\ViewCacheCommand::handle():38}('D:\\\\Mi.tasks\\\\pro...', 0)
#3 D:\\Zip_files\\proj_123\\proj_user.profile_Change\\vendor\\laravel\\framework\\src\\Illuminate\\Foundation\\Console\\ViewCacheCommand.php(38): Illuminate\\Support\\Collection->each(Object(Closure))
#4 D:\\Zip_files\\proj_123\\proj_user.profile_Change\\vendor\\laravel\\framework\\src\\Illuminate\\Container\\BoundMethod.php(36): Illuminate\\Foundation\\Console\\ViewCacheCommand->handle()
#5 D:\\Zip_files\\proj_123\\proj_user.profile_Change\\vendor\\laravel\\framework\\src\\Illuminate\\Container\\Util.php(43): Illuminate\\Container\\BoundMethod::{closure:Illuminate\\Container\\BoundMethod::call():35}()
#6 D:\\Zip_files\\proj_123\\proj_user.profile_Change\\vendor\\laravel\\framework\\src\\Illuminate\\Container\\BoundMethod.php(96): Illuminate\\Container\\Util::unwrapIfClosure(Object(Closure))
#7 D:\\Zip_files\\proj_123\\proj_user.profile_Change\\vendor\\laravel\\framework\\src\\Illuminate\\Container\\BoundMethod.php(35): Illuminate\\Container\\BoundMethod::callBoundMethod(Object(Illuminate\\Foundation\\Application), Array, Object(Closure))
#8 D:\\Zip_files\\proj_123\\proj_user.profile_Change\\vendor\\laravel\\framework\\src\\Illuminate\\Container\\Container.php(780): Illuminate\\Container\\BoundMethod::call(Object(Illuminate\\Foundation\\Application), Array, Array, NULL)
#9 D:\\Zip_files\\proj_123\\proj_user.profile_Change\\vendor\\laravel\\framework\\src\\Illuminate\\Console\\Command.php(211): Illuminate\\Container\\Container->call(Array)
#10 D:\\Zip_files\\proj_123\\proj_user.profile_Change\\vendor\\symfony\\console\\Command\\Command.php(318): Illuminate\\Console\\Command->execute(Object(Symfony\\Component\\Console\\Input\\ArrayInput), Object(Illuminate\\Console\\OutputStyle))
#11 D:\\Zip_files\\proj_123\\proj_user.profile_Change\\vendor\\laravel\\framework\\src\\Illuminate\\Console\\Command.php(180): Symfony\\Component\\Console\\Command\\Command->run(Object(Symfony\\Component\\Console\\Input\\ArrayInput), Object(Illuminate\\Console\\OutputStyle))
#12 D:\\Zip_files\\proj_123\\proj_user.profile_Change\\vendor\\laravel\\framework\\src\\Illuminate\\Console\\Concerns\\CallsCommands.php(68): Illuminate\\Console\\Command->run(Object(Symfony\\Component\\Console\\Input\\ArrayInput), Object(Symfony\\Component\\Console\\Output\\NullOutput))
#13 D:\\Zip_files\\proj_123\\proj_user.profile_Change\\vendor\\laravel\\framework\\src\\Illuminate\\Console\\Concerns\\CallsCommands.php(41): Illuminate\\Console\\Command->runCommand('view:cache', Array, Object(Symfony\\Component\\Console\\Output\\NullOutput))
#14 D:\\Zip_files\\proj_123\\proj_user.profile_Change\\vendor\\laravel\\framework\\src\\Illuminate\\Console\\Concerns\\CallsCommands.php(53): Illuminate\\Console\\Command->callSilent('view:cache', Array)
#15 D:\\Zip_files\\proj_123\\proj_user.profile_Change\\vendor\\laravel\\framework\\src\\Illuminate\\Foundation\\Console\\OptimizeCommand.php(48): Illuminate\\Console\\Command->callSilently('view:cache')
#16 D:\\Zip_files\\proj_123\\proj_user.profile_Change\\vendor\\laravel\\framework\\src\\Illuminate\\Console\\View\\Components\\Task.php(41): Illuminate\\Foundation\\Console\\OptimizeCommand->{closure:Illuminate\\Foundation\\Console\\OptimizeCommand::handle():48}()
#17 D:\\Zip_files\\proj_123\\proj_user.profile_Change\\vendor\\laravel\\framework\\src\\Illuminate\\Console\\View\\Components\\Factory.php(59): Illuminate\\Console\\View\\Components\\Task->render('views', Object(Closure))
#18 D:\\Zip_files\\proj_123\\proj_user.profile_Change\\vendor\\laravel\\framework\\src\\Illuminate\\Foundation\\Console\\OptimizeCommand.php(48): Illuminate\\Console\\View\\Components\\Factory->__call('task', Array)
#19 D:\\Zip_files\\proj_123\\proj_user.profile_Change\\vendor\\laravel\\framework\\src\\Illuminate\\Container\\BoundMethod.php(36): Illuminate\\Foundation\\Console\\OptimizeCommand->handle()
#20 D:\\Zip_files\\proj_123\\proj_user.profile_Change\\vendor\\laravel\\framework\\src\\Illuminate\\Container\\Util.php(43): Illuminate\\Container\\BoundMethod::{closure:Illuminate\\Container\\BoundMethod::call():35}()
#21 D:\\Zip_files\\proj_123\\proj_user.profile_Change\\vendor\\laravel\\framework\\src\\Illuminate\\Container\\BoundMethod.php(96): Illuminate\\Container\\Util::unwrapIfClosure(Object(Closure))
#22 D:\\Zip_files\\proj_123\\proj_user.profile_Change\\vendor\\laravel\\framework\\src\\Illuminate\\Container\\BoundMethod.php(35): Illuminate\\Container\\BoundMethod::callBoundMethod(Object(Illuminate\\Foundation\\Application), Array, Object(Closure))
#23 D:\\Zip_files\\proj_123\\proj_user.profile_Change\\vendor\\laravel\\framework\\src\\Illuminate\\Container\\Container.php(780): Illuminate\\Container\\BoundMethod::call(Object(Illuminate\\Foundation\\Application), Array, Array, NULL)
#24 D:\\Zip_files\\proj_123\\proj_user.profile_Change\\vendor\\laravel\\framework\\src\\Illuminate\\Console\\Command.php(211): Illuminate\\Container\\Container->call(Array)
#25 D:\\Zip_files\\proj_123\\proj_user.profile_Change\\vendor\\symfony\\console\\Command\\Command.php(318): Illuminate\\Console\\Command->execute(Object(Symfony\\Component\\Console\\Input\\ArgvInput), Object(Illuminate\\Console\\OutputStyle))
#26 D:\\Zip_files\\proj_123\\proj_user.profile_Change\\vendor\\laravel\\framework\\src\\Illuminate\\Console\\Command.php(180): Symfony\\Component\\Console\\Command\\Command->run(Object(Symfony\\Component\\Console\\Input\\ArgvInput), Object(Illuminate\\Console\\OutputStyle))
#27 D:\\Zip_files\\proj_123\\proj_user.profile_Change\\vendor\\symfony\\console\\Application.php(1092): Illuminate\\Console\\Command->run(Object(Symfony\\Component\\Console\\Input\\ArgvInput), Object(Symfony\\Component\\Console\\Output\\ConsoleOutput))
#28 D:\\Zip_files\\proj_123\\proj_user.profile_Change\\vendor\\symfony\\console\\Application.php(341): Symfony\\Component\\Console\\Application->doRunCommand(Object(Illuminate\\Foundation\\Console\\OptimizeCommand), Object(Symfony\\Component\\Console\\Input\\ArgvInput), Object(Symfony\\Component\\Console\\Output\\ConsoleOutput))
#29 D:\\Zip_files\\proj_123\\proj_user.profile_Change\\vendor\\symfony\\console\\Application.php(192): Symfony\\Component\\Console\\Application->doRun(Object(Symfony\\Component\\Console\\Input\\ArgvInput), Object(Symfony\\Component\\Console\\Output\\ConsoleOutput))
#30 D:\\Zip_files\\proj_123\\proj_user.profile_Change\\vendor\\laravel\\framework\\src\\Illuminate\\Foundation\\Console\\Kernel.php(197): Symfony\\Component\\Console\\Application->run(Object(Symfony\\Component\\Console\\Input\\ArgvInput), Object(Symfony\\Component\\Console\\Output\\ConsoleOutput))
#31 D:\\Zip_files\\proj_123\\proj_user.profile_Change\\vendor\\laravel\\framework\\src\\Illuminate\\Foundation\\Application.php(1234): Illuminate\\Foundation\\Console\\Kernel->handle(Object(Symfony\\Component\\Console\\Input\\ArgvInput), Object(Symfony\\Component\\Console\\Output\\ConsoleOutput))
#32 D:\\Zip_files\\proj_123\\proj_user.profile_Change\\artisan(16): Illuminate\\Foundation\\Application->handleCommand(Object(Symfony\\Component\\Console\\Input\\ArgvInput))
#33 {main}
"} 
